description						type								st_astext
Garage							GARAGE								POLYGON((-66.083074 18.389347,-66.081454 18.389704,-66.080853 18.389388,-66.080746 18.389123,-66.080328 18.388961,-66.079523 18.388533,-66.07918 18.388268,-66.079351 18.387922,-66.080725 18.387494,-66.081068 18.387311,-66.081111 18.386833,-66.081883 18.387118,-66.082795 18.387556,-66.083074 18.389347))
26								ROUTE								POLYGON((-66.052347 18.40187,-66.045781 18.401819,-66.045727 18.400404,-66.043249 18.400312,-66.043254 18.39964,-66.043206 18.39851,-66.040996 18.398714,-66.03973 18.398673,-66.038517 18.398581,-66.037112 18.398429,-66.035073 18.398164,-66.031115 18.397797,-66.031061 18.395558,-66.031039 18.394682,-66.030954 18.393033,-66.030728 18.391149,-66.030428 18.389388,-66.030342 18.388869,-66.032617 18.388085,-66.033947 18.387596,-66.035642 18.386985,-66.036393 18.386578,-66.036736 18.385764,-66.03693 18.385173,-66.036887 18.384522,-66.036543 18.384542,-66.035664 18.384542,-66.034634 18.384542,-66.033732 18.384583,-66.03296 18.38442,-66.032187 18.38387,-66.031286 18.38332,-66.030364 18.382791,-66.029827 18.382445,-66.029376 18.3822,-66.029001 18.381874,-66.028465 18.381915,-66.027789 18.38216,-66.026995 18.382363,-66.02648 18.382506,-66.026297 18.381712,-66.026018 18.381223,-66.025439 18.380347,-66.02516 18.380083,-66.024763 18.379492,-66.025289 18.379268,-66.025482 18.378942,-66.025718 18.378453,-66.025847 18.377965,-66.02589 18.377211,-66.025911 18.376356,-66.025933 18.375501,-66.02589 18.374625,-66.025696 18.373505,-66.025482 18.372202,-66.025375 18.371795,-66.025182 18.370878,-66.025096 18.370471,-66.024945 18.369962,-66.025439 18.36986,-66.026458 18.369717,-66.027703 18.369636,-66.0306 18.369371,-66.032853 18.369331,-66.034355 18.369331,-66.03502 18.369392,-66.035706 18.369636,-66.036565 18.369901,-66.037327 18.370552,-66.038013 18.370939,-66.038743 18.371347,-66.039344 18.371754,-66.039966 18.372202,-66.040416 18.372691,-66.040867 18.373546,-66.041189 18.374605,-66.041629 18.375704,-66.041886 18.376539,-66.041157 18.376784,-66.040105 18.376641,-66.038668 18.376173,-66.037927 18.375867,-66.036983 18.375297,-66.036339 18.374992,-66.035782 18.374646,-66.035267 18.374238,-66.034601 18.373912,-66.03385 18.373587,-66.0334 18.373546,-66.032606 18.373424,-66.032027 18.373505,-66.031147 18.373587,-66.030567 18.373831,-66.030567 18.374584,-66.030095 18.37548,-66.029666 18.375847,-66.029055 18.37603,-66.028486 18.376315,-66.027756 18.376356,-66.027177 18.376397,-66.026748 18.376437,-66.026383 18.376478,-66.026276 18.377089,-66.026351 18.377435,-66.026211 18.378311,-66.026083 18.378881,-66.025761 18.379451,-66.025654 18.380123,-66.026362 18.381141,-66.026716 18.381467,-66.027188 18.381549,-66.027789 18.381508,-66.028389 18.381325,-66.028969 18.381202,-66.02957 18.381549,-66.030192 18.381752,-66.030793 18.382221,-66.03163 18.38273,-66.032574 18.383422,-66.033421 18.384074,-66.034355 18.383992,-66.035127 18.383931,-66.0362 18.38389,-66.03708 18.38385,-66.037391 18.384379,-66.037391 18.385153,-66.037284 18.385784,-66.037069 18.386497,-66.036747 18.387148,-66.036254 18.387596,-66.035653 18.387902,-66.034988 18.388044,-66.034301 18.38837,-66.033335 18.388696,-66.032413 18.389001,-66.031361 18.389246,-66.031018 18.389694,-66.031211 18.390345,-66.031426 18.391343,-66.031619 18.392178,-66.031683 18.393338,-66.031705 18.394417,-66.032059 18.39454,-66.032874 18.394438,-66.033475 18.394397,-66.034204 18.394336,-66.034998 18.394336,-66.036243 18.394377,-66.037187 18.394377,-66.038947 18.39456,-66.03944 18.394621,-66.040105 18.394519,-66.040835 18.394641,-66.041736 18.394743,-66.042637 18.394764,-66.04341 18.394743,-66.047937 18.394927,-66.04901 18.394499,-66.051027 18.394621,-66.052551 18.395619,-66.053409 18.396535,-66.053012 18.39796,-66.05283 18.398632,-66.052529 18.399823,-66.052347 18.40187))
7								ROUTE								POLYGON((-66.053495 18.396189,-66.05062 18.394927,-66.032831 18.394234,-66.017532 18.396454,-66.001138 18.396902,-66.000044 18.391343,-65.992898 18.393135,-65.995259 18.398836,-65.996246 18.400567,-66.002554 18.405494,-65.996954 18.413006,-65.99219 18.414696,-65.993644 18.420631,-65.991268 18.421206,-65.991611 18.422132,-65.99285 18.421822,-65.992754 18.42144,-65.994459 18.421002,-65.99322 18.415531,-65.998263 18.413434,-66.003863 18.405086,-65.996031 18.39849,-66.019012 18.397288,-66.025986 18.396555,-66.030771 18.395497,-66.03635 18.394947,-66.042337 18.395639,-66.043174 18.402277,-66.052401 18.401768,-66.053495 18.396189))
6								ROUTE								POLYGON((-65.993371 18.421211,-65.994486 18.421028,-65.99425 18.419806,-65.993821 18.418015,-65.993306 18.415857,-65.993134 18.414676,-65.991997 18.41492,-65.99086 18.415103,-65.990023 18.415185,-65.987448 18.415816,-65.986268 18.416081,-65.984755 18.416569,-65.98438 18.4166,-65.983897 18.416752,-65.983382 18.416895,-65.981075 18.417709,-65.979369 18.418524,-65.978683 18.418717,-65.978114 18.418758,-65.978125 18.417109,-65.978125 18.415551,-65.978125 18.413739,-65.978157 18.412212,-65.978125 18.411907,-65.97776 18.410482,-65.977191 18.408558,-65.977374 18.40812,-65.977846 18.407061,-65.97791 18.406736,-65.9779 18.406135,-65.977975 18.404516,-65.978039 18.402918,-65.978082 18.401065,-65.978178 18.399223,-65.978232 18.397339,-65.978189 18.396077,-65.978125 18.395853,-65.976794 18.395436,-65.976097 18.395079,-65.975528 18.394723,-65.974391 18.393868,-65.972074 18.392381,-65.970926 18.391659,-65.970143 18.391343,-65.969091 18.391048,-65.967128 18.391037,-65.965658 18.391139,-65.965486 18.389683,-65.965164 18.387545,-65.96495 18.385346,-65.964725 18.384522,-65.963115 18.384756,-65.961055 18.385082,-65.958952 18.385356,-65.956828 18.385652,-65.955272 18.385855,-65.953969 18.386247,-65.953942 18.386125,-65.953749 18.385911,-65.953524 18.385937,-65.953352 18.386171,-65.953384 18.386558,-65.953867 18.386487,-65.954875 18.386425,-65.956496 18.386201,-65.958695 18.385845,-65.961313 18.385448,-65.963695 18.385153,-65.96436 18.38502,-65.964413 18.385244,-65.964574 18.386853,-65.964746 18.388981,-65.96495 18.389734,-65.965036 18.390559,-65.965154 18.391526,-65.966752 18.391587,-65.968179 18.391516,-65.969005 18.391567,-65.969831 18.391669,-65.970518 18.392015,-65.972557 18.393318,-65.974552 18.394652,-65.975614 18.395324,-65.976129 18.395649,-65.976483 18.395853,-65.97702 18.396077,-65.977814 18.396321,-65.977824 18.396728,-65.977782 18.397187,-65.977717 18.398042,-65.977685 18.399477,-65.977674 18.400913,-65.977578 18.402694,-65.977492 18.404476,-65.977492 18.406685,-65.976891 18.407988,-65.976773 18.408375,-65.976902 18.409067,-65.977417 18.411062,-65.977556 18.411724,-65.977621 18.412711,-65.977631 18.413403,-65.977503 18.415419,-65.977578 18.417353,-65.97776 18.419236,-65.978618 18.419114,-65.979348 18.418972,-65.980904 18.418442,-65.982846 18.41776,-65.983575 18.417455,-65.984154 18.417241,-65.984755 18.41717,-65.985882 18.417037,-65.986869 18.416773,-65.987813 18.41659,-65.989036 18.416305,-65.990388 18.41602,-65.992555 18.415531,-65.992791 18.416936,-65.993263 18.419195,-65.993628 18.420519,-65.991375 18.420865,-65.991729 18.421842,-65.993075 18.421674,-65.993371 18.421211))
18								ROUTE								POLYGON((-66.046918 18.357987,-66.046671 18.359372,-66.048774 18.362101,-66.049375 18.363852,-66.045942 18.365156,-66.043024 18.364952,-66.043195 18.362997,-66.04341 18.361775,-66.045899 18.359494,-66.046071 18.358843,-66.046285 18.357865,-66.046457 18.357213,-66.053237 18.357702,-66.054321 18.357692,-66.05431 18.358608,-66.054525 18.359942,-66.054739 18.36092,-66.055297 18.361429,-66.05592 18.362101,-66.059846 18.364728,-66.060769 18.365624,-66.061456 18.365848,-66.062657 18.366113,-66.063559 18.366887,-66.065018 18.368964,-66.066927 18.369412,-66.066895 18.372212,-66.065694 18.371937,-66.061542 18.371265,-66.058623 18.370736,-66.056928 18.370532,-66.052165 18.369412,-66.052443 18.371021,-66.053152 18.372711,-66.053988 18.374544,-66.054954 18.376845,-66.055233 18.378291,-66.056027 18.37992,-66.056799 18.382506,-66.058452 18.383524,-66.060383 18.383829,-66.061348 18.384399,-66.061692 18.385804,-66.06167 18.38782,-66.062421 18.388716,-66.063752 18.389633,-66.06255 18.391221,-66.059846 18.392789,-66.056928 18.394499,-66.055812 18.395639,-66.055694 18.396067,-66.055909 18.396779,-66.055963 18.397533,-66.056499 18.399813,-66.056692 18.401971,-66.056756 18.404089,-66.056864 18.406654,-66.056746 18.408202,-66.053978 18.408344,-66.052551 18.408415,-66.051821 18.406349,-66.051821 18.403336,-66.051907 18.401686,-66.050555 18.401361,-66.045845 18.401747,-66.043045 18.402216,-66.043088 18.39965,-66.046135 18.399671,-66.046049 18.401381,-66.050255 18.400953,-66.051692 18.400994,-66.052486 18.401523,-66.052186 18.405952,-66.052615 18.407224,-66.056241 18.407224,-66.055297 18.398551,-66.053366 18.395863,-66.058452 18.392605,-66.061649 18.388981,-66.061048 18.388228,-66.06064 18.385071,-66.059675 18.384481,-66.056349 18.38332,-66.050759 18.368322,-66.066327 18.371163,-66.066412 18.370104,-66.064503 18.369229,-66.062486 18.366989,-66.060855 18.366459,-66.053656 18.361144,-66.053409 18.358272,-66.046918 18.357987))
22								ROUTE								POLYGON((-66.058795 18.436112,-66.061134 18.436051,-66.061048 18.433527,-66.060061 18.43082,-66.05916 18.426361,-66.063494 18.425262,-66.064524 18.428845,-66.074481 18.425995,-66.075768 18.425588,-66.078128 18.424448,-66.074481 18.417567,-66.070618 18.419358,-66.067485 18.42058,-66.057626 18.422911,-66.056703 18.423298,-66.057057 18.42455,-66.057357 18.425364,-66.057583 18.426046,-66.058516 18.430769,-66.058795 18.436112))
44								ROUTE								POLYGON((-65.992823 18.421343,-65.994476 18.420967,-65.994175 18.419562,-65.993424 18.416691,-65.992995 18.415124,-65.992845 18.414706,-65.990302 18.415327,-65.988124 18.415806,-65.985871 18.416193,-65.985013 18.416427,-65.984262 18.41661,-65.983768 18.416854,-65.983371 18.416936,-65.981043 18.417801,-65.979337 18.418473,-65.978018 18.418748,-65.97644 18.418972,-65.972943 18.418442,-65.970743 18.418096,-65.969005 18.417852,-65.968297 18.41776,-65.967814 18.417842,-65.965862 18.418239,-65.96186 18.418605,-65.959199 18.418625,-65.957729 18.418554,-65.957815 18.416284,-65.957676 18.414615,-65.957579 18.413607,-65.957547 18.413118,-65.957053 18.411714,-65.957536 18.411673,-65.959285 18.411703,-65.960851 18.411663,-65.964113 18.411602,-65.965336 18.41152,-65.965454 18.410115,-65.965594 18.408914,-65.965883 18.407947,-65.966516 18.406848,-65.966634 18.40644,-65.966656 18.405758,-65.964671 18.405901,-65.96275 18.405982,-65.960336 18.406054,-65.959585 18.405962,-65.959553 18.404476,-65.959521 18.40359,-65.959392 18.402867,-65.95847 18.401758,-65.957901 18.401096,-65.956367 18.399213,-65.955197 18.39793,-65.954779 18.397451,-65.954382 18.396525,-65.955101 18.396331,-65.956206 18.396209,-65.957322 18.39623,-65.958201 18.396169,-65.959242 18.396107,-65.961699 18.396016,-65.96186 18.400322,-65.961914 18.401025,-65.965272 18.400953,-65.965958 18.399223,-65.965926 18.395598,-65.96583 18.39341,-65.965604 18.391099,-65.962643 18.391129,-65.95788 18.391211,-65.95465 18.391577,-65.952494 18.391424,-65.952987 18.388278,-65.953223 18.386914,-65.953384 18.386639,-65.95377 18.386568,-65.954403 18.386446,-65.954189 18.38612,-65.953921 18.385967,-65.953524 18.3861,-65.95332 18.38612,-65.953084 18.386222,-65.952869 18.386395,-65.952676 18.387087,-65.952579 18.387708,-65.952537 18.388299,-65.95244 18.388899,-65.952322 18.389765,-65.952193 18.39059,-65.952043 18.39172,-65.952923 18.391842,-65.953588 18.391913,-65.954339 18.391964,-65.955058 18.391974,-65.956538 18.391852,-65.957611 18.39174,-65.959081 18.39174,-65.96112 18.39174,-65.962901 18.391628,-65.96524 18.391597,-65.965304 18.392137,-65.96539 18.392982,-65.965379 18.393572,-65.96539 18.395273,-65.965454 18.396118,-65.965508 18.397787,-65.965518 18.398673,-65.965465 18.399233,-65.965207 18.400027,-65.964961 18.400455,-65.963823 18.400516,-65.962268 18.400577,-65.962246 18.399121,-65.962203 18.397461,-65.962053 18.395619,-65.959188 18.395598,-65.957697 18.395639,-65.955498 18.395741,-65.954457 18.395965,-65.953781 18.396413,-65.954275 18.397512,-65.954554 18.397909,-65.955616 18.399335,-65.956968 18.40075,-65.958105 18.402053,-65.958942 18.403091,-65.95906 18.404007,-65.959038 18.404944,-65.959188 18.406797,-65.96598 18.406532,-65.965851 18.406776,-65.965604 18.407173,-65.965358 18.407662,-65.965057 18.408619,-65.964928 18.409199,-65.964896 18.40982,-65.964896 18.411001,-65.960304 18.411103,-65.959414 18.411184,-65.95759 18.411317,-65.956581 18.411418,-65.956882 18.413129,-65.957021 18.413902,-65.957043 18.416956,-65.95715 18.419226,-65.960294 18.419083,-65.961774 18.419043,-65.963416 18.418982,-65.964403 18.4189,-65.965819 18.418697,-65.966945 18.418452,-65.967546 18.41831,-65.968104 18.418208,-65.96863 18.418239,-65.97084 18.418564,-65.972943 18.41888,-65.974584 18.419165,-65.976269 18.419348,-65.977782 18.419277,-65.978972 18.419114,-65.979434 18.418972,-65.980861 18.418401,-65.982706 18.41776,-65.983479 18.417414,-65.984015 18.417272,-65.984423 18.41716,-65.98468 18.417119,-65.984938 18.417088,-65.985624 18.416925,-65.986418 18.416732,-65.987083 18.416549,-65.98806 18.416386,-65.9891 18.416193,-65.990366 18.415867,-65.992534 18.415439,-65.992738 18.416518,-65.993403 18.419287,-65.993682 18.420722,-65.991284 18.421297,-65.991616 18.422137,-65.992775 18.421903,-65.992823 18.421343))
11								ROUTE								POLYGON((-66.059246 18.435237,-66.058988 18.437497,-66.054289 18.437171,-66.050491 18.435339,-66.043775 18.434321,-66.043002 18.434708,-66.042315 18.436967,-66.044955 18.437782,-66.046135 18.438881,-66.053173 18.44226,-66.052165 18.446474,-66.052132 18.449761,-66.04488 18.448784,-66.043603 18.449344,-66.042873 18.448448,-66.038024 18.446606,-66.037133 18.449028,-66.038796 18.451766,-66.039698 18.452112,-66.042208 18.450891,-66.043667 18.450158,-66.044805 18.449547,-66.053023 18.450667,-66.053173 18.446616,-66.054139 18.443156,-66.054353 18.442097,-66.046972 18.438433,-66.045491 18.437191,-66.046264 18.435319,-66.049847 18.436072,-66.05328 18.437598,-66.058602 18.438331,-66.060125 18.437843,-66.060683 18.435939,-66.060426 18.435176,-66.059567 18.435013,-66.059246 18.435237))
MT- 2							ROUTE								POLYGON((-66.158359 18.396006,-66.156492 18.3957,-66.152822 18.395537,-66.150591 18.395497,-66.147844 18.395293,-66.146063 18.39515,-66.14381 18.394988,-66.1413 18.395436,-66.139111 18.396454,-66.13615 18.397512,-66.133253 18.398612,-66.130378 18.398978,-66.127696 18.398999,-66.124777 18.398856,-66.122267 18.399121,-66.120496 18.399813,-66.11967 18.400617,-66.118748 18.401483,-66.11775 18.402246,-66.116302 18.403081,-66.112493 18.405372,-66.109853 18.406939,-66.109231 18.407092,-66.108545 18.407122,-66.107794 18.407489,-66.107461 18.40811,-66.107032 18.409036,-66.106463 18.409647,-66.105723 18.410115,-66.10436 18.410461,-66.101968 18.411011,-66.099683 18.411826,-66.097108 18.412752,-66.095906 18.4132,-66.094501 18.413424,-66.093063 18.413454,-66.091389 18.413485,-66.089394 18.413546,-66.087312 18.413627,-66.08493 18.413749,-66.082935 18.414228,-66.081926 18.414513,-66.080693 18.415052,-66.079534 18.415643,-66.078161 18.416284,-66.076787 18.416936,-66.074384 18.418086,-66.071863 18.419277,-66.069781 18.420234,-66.068676 18.420651,-66.067711 18.421007,-66.066466 18.421262,-66.064771 18.421608,-66.062657 18.422056,-66.060512 18.422555,-66.058505 18.423114,-66.057143 18.423674,-66.057368 18.42458,-66.057776 18.426534,-66.058076 18.427939,-66.058527 18.430148,-66.058773 18.431217,-66.058838 18.431807,-66.058924 18.433049,-66.058977 18.434341,-66.059074 18.435604,-66.059235 18.437263,-66.059353 18.438046,-66.059621 18.438484,-66.060544 18.439502,-66.061145 18.440285,-66.061767 18.441008,-66.062593 18.441843,-66.063441 18.442545,-66.064234 18.443207,-66.065082 18.443848,-66.065897 18.444489,-66.066831 18.445201,-66.067839 18.445924,-66.068944 18.44683,-66.070307 18.447827,-66.071219 18.448519,-66.072388 18.449394,-66.073386 18.450239,-66.074523 18.450982,-66.075993 18.448652,-66.074931 18.44801,-66.073955 18.44741,-66.073011 18.446789,-66.072088 18.446066,-66.071348 18.445466,-66.070747 18.444988,-66.070221 18.444601,-66.069663 18.444265,-66.06917 18.443949,-66.068526 18.443654,-66.067743 18.443278,-66.066176 18.442626,-66.065243 18.442168,-66.064449 18.441802,-66.06387 18.441334,-66.06329 18.440835,-66.062389 18.439787,-66.061552 18.43881,-66.060501 18.437486,-66.060404 18.437252,-66.060447 18.436489,-66.060715 18.435736,-66.060833 18.434799,-66.060737 18.434006,-66.060597 18.433476,-66.060361 18.432733,-66.060222 18.432224,-66.059707 18.429883,-66.058967 18.426311,-66.058344 18.423674,-66.058516 18.423491,-66.060254 18.423033,-66.064417 18.422056,-66.067389 18.421476,-66.070028 18.420509,-66.072227 18.419562,-66.074395 18.418463,-66.077098 18.417139,-66.079748 18.415867,-66.080811 18.415368,-66.082313 18.414767,-66.083782 18.41435,-66.085295 18.414126,-66.087183 18.414004,-66.08905 18.413994,-66.090853 18.413923,-66.092655 18.413831,-66.094458 18.413811,-66.095927 18.413526,-66.097548 18.412976,-66.099994 18.4121,-66.101624 18.411541,-66.102944 18.411123,-66.103169 18.411245,-66.103545 18.411663,-66.103513 18.412284,-66.103674 18.412711,-66.104146 18.412823,-66.104757 18.412497,-66.105079 18.412192,-66.105455 18.411663,-66.105809 18.411367,-66.106066 18.411093,-66.106098 18.410879,-66.106324 18.410624,-66.106764 18.410268,-66.107214 18.409729,-66.107826 18.408812,-66.10803 18.408466,-66.108233 18.408202,-66.108448 18.407988,-66.108641 18.407825,-66.109081 18.407591,-66.109875 18.407275,-66.110368 18.407031,-66.111924 18.406104,-66.114081 18.404852,-66.116087 18.403621,-66.118447 18.402256,-66.119713 18.401218,-66.120679 18.400261,-66.121323 18.399834,-66.122235 18.399518,-66.122739 18.399386,-66.123683 18.399304,-66.125786 18.399375,-66.12762 18.399426,-66.130431 18.399386,-66.13291 18.399131,-66.134884 18.398469,-66.136665 18.397818,-66.138489 18.397156,-66.139637 18.396759,-66.141386 18.396118,-66.143338 18.395537,-66.144036 18.395436,-66.146128 18.395527,-66.14881 18.395772,-66.150795 18.396016,-66.153584 18.396016,-66.154786 18.396097,-66.155977 18.39627,-66.157822 18.396464,-66.157886 18.397187,-66.158069 18.398724,-66.158391 18.399691,-66.158713 18.400607,-66.158981 18.401605,-66.158809 18.40188,-66.158455 18.40188,-66.157672 18.401697,-66.156095 18.401493,-66.155902 18.401381,-66.155902 18.401167,-66.155837 18.400811,-66.155794 18.400567,-66.155762 18.400455,-66.155741 18.400251,-66.155076 18.400404,-66.154507 18.400577,-66.154593 18.400953,-66.154754 18.401401,-66.154807 18.401778,-66.155526 18.40188,-66.156342 18.40192,-66.157093 18.402063,-66.157962 18.402134,-66.158938 18.402216,-66.1597 18.401992,-66.159399 18.401452,-66.15912 18.40077,-66.158852 18.399946,-66.158595 18.399243,-66.158359 18.39848,-66.158348 18.397309,-66.158251 18.396891,-66.158359 18.396006))
48								ROUTE								POLYGON((-65.992609 18.421292,-65.993322 18.421124,-65.994191 18.420956,-65.994111 18.420565,-65.993789 18.419073,-65.993354 18.417384,-65.993092 18.416238,-65.992818 18.415129,-65.99263 18.41437,-65.99241 18.413495,-65.992169 18.412513,-65.991949 18.411561,-65.991686 18.410487,-65.991477 18.409688,-65.991396 18.409194,-65.991241 18.408833,-65.990624 18.407906,-65.990329 18.407591,-65.990286 18.407453,-65.990087 18.407178,-65.98975 18.406568,-65.989519 18.40642,-65.989363 18.406537,-65.989117 18.40671,-65.988827 18.406792,-65.987727 18.406751,-65.986542 18.4067,-65.984761 18.406649,-65.982813 18.406563,-65.981773 18.406502,-65.980769 18.406425,-65.977653 18.406323,-65.974954 18.406242,-65.973029 18.406181,-65.97032 18.406074,-65.96826 18.406054,-65.968303 18.405239,-65.968286 18.404756,-65.968254 18.404384,-65.968152 18.403957,-65.968002 18.403559,-65.967611 18.402908,-65.967171 18.402318,-65.967053 18.402053,-65.966913 18.401579,-65.966929 18.401335,-65.967026 18.401014,-65.967133 18.400592,-65.967391 18.399986,-65.967632 18.399426,-65.967932 18.398749,-65.968356 18.397706,-65.968941 18.39623,-65.969552 18.394753,-65.970304 18.392885,-65.970513 18.392493,-65.970636 18.392305,-65.970878 18.39203,-65.971494 18.392468,-65.971966 18.392758,-65.972648 18.393282,-65.974574 18.394529,-65.975877 18.395308,-65.976001 18.395456,-65.976317 18.395721,-65.976693 18.395883,-65.978012 18.39626,-65.978457 18.39626,-65.978817 18.396107,-65.978948 18.396102,-65.97952 18.396222,-65.979756 18.396723,-65.979906 18.396983,-65.980077 18.397171,-65.980255 18.397273,-65.980523 18.39737,-65.980764 18.39736,-65.980979 18.397232,-65.981118 18.396973,-65.981118 18.3968,-65.981032 18.396499,-65.980694 18.39626,-65.979906 18.396133,-65.979514 18.395995,-65.97916 18.39512,-65.978967 18.394743,-65.978822 18.39428,-65.97887 18.39402,-65.978924 18.393888,-65.978951 18.39373,-65.978983 18.393623,-65.979069 18.393481,-65.979192 18.39341,-65.979332 18.393338,-65.979471 18.393298,-65.979659 18.393313,-65.97982 18.393333,-65.980072 18.393435,-65.980367 18.393593,-65.980533 18.393674,-65.981494 18.394458,-65.982341 18.39515,-65.98365 18.396107,-65.984852 18.396891,-65.986332 18.397584,-65.987201 18.39793,-65.988618 18.398388,-65.989787 18.398642,-65.990935 18.398826,-65.992759 18.398775,-65.993821 18.398663,-65.995259 18.398469,-65.996503 18.398266,-65.997276 18.398184,-65.998821 18.397859,-66.001009 18.397594,-66.001009 18.396555,-66.000387 18.395985,-65.999969 18.391689,-65.993843 18.393155,-65.990785 18.394499,-65.990324 18.39568,-65.990345 18.396454,-65.990667 18.397349,-65.99056 18.398144,-65.989637 18.39794,-65.987749 18.397472,-65.985099 18.396291,-65.982792 18.394804,-65.98071 18.393226,-65.978581 18.391913,-65.978543 18.391465,-65.9785 18.390966,-65.978575 18.390416,-65.978511 18.39004,-65.978157 18.389633,-65.977803 18.389531,-65.977299 18.389643,-65.976923 18.389948,-65.976848 18.390213,-65.976805 18.39059,-65.977567 18.391261,-65.977685 18.391918,-65.977422 18.392392,-65.977395 18.392916,-65.977535 18.393466,-65.977642 18.393781,-65.977706 18.394102,-65.9779 18.394489,-65.978087 18.394825,-65.978119 18.395145,-65.977996 18.395578,-65.977975 18.395812,-65.977771 18.395853,-65.977213 18.3957,-65.97666 18.395507,-65.976178 18.395227,-65.975936 18.395074,-65.975475 18.394774,-65.974879 18.394382,-65.974252 18.393954,-65.973533 18.393496,-65.972852 18.393038,-65.972149 18.39257,-65.971478 18.392157,-65.970878 18.391745,-65.970695 18.391888,-65.970459 18.392117,-65.970255 18.392392,-65.970105 18.392738,-65.969654 18.393827,-65.969365 18.394519,-65.969005 18.395425,-65.968619 18.396342,-65.968222 18.397263,-65.967943 18.397945,-65.967584 18.398815,-65.967278 18.399533,-65.967047 18.400185,-65.966865 18.400597,-65.966752 18.400908,-65.966693 18.401269,-65.966693 18.401508,-65.966704 18.401753,-65.966806 18.402083,-65.966886 18.402363,-65.96709 18.402674,-65.967251 18.402898,-65.967552 18.403351,-65.967772 18.403758,-65.9679 18.404094,-65.967997 18.404394,-65.968018 18.40471,-65.96804 18.405193,-65.968034 18.40585,-65.968045 18.406435,-65.969064 18.40641,-65.97121 18.406471,-65.973098 18.406537,-65.97761 18.406675,-65.980759 18.406812,-65.981799 18.406878,-65.982776 18.406899,-65.983564 18.406939,-65.984256 18.406965,-65.98512 18.407016,-65.986467 18.407072,-65.987716 18.407087,-65.988489 18.407128,-65.988875 18.407092,-65.989229 18.406975,-65.989508 18.406822,-65.989868 18.407352,-65.990077 18.407642,-65.990189 18.407703,-65.990356 18.408034,-65.990994 18.408884,-65.991123 18.409214,-65.991235 18.409647,-65.991439 18.410456,-65.99167 18.411525,-65.99189 18.412502,-65.992099 18.413368,-65.992362 18.414314,-65.992528 18.415022,-65.992797 18.416198,-65.993102 18.417404,-65.993387 18.418666,-65.993687 18.419969,-65.993875 18.420722,-65.993322 18.42085,-65.992147 18.421109,-65.991708 18.421185,-65.991775 18.421544,-65.992577 18.421529,-65.992609 18.421292))
43								ROUTE								POLYGON((-65.992748 18.421964,-65.992276 18.422249,-65.991482 18.42229,-65.991139 18.421659,-65.988929 18.422249,-65.989959 18.426911,-65.99013 18.427425,-65.989245 18.427848,-65.988628 18.425812,-65.982277 18.427094,-65.980539 18.427359,-65.979123 18.427461,-65.979874 18.430983,-65.977288 18.432601,-65.974617 18.431868,-65.975013 18.430402,-65.973318 18.429985,-65.972911 18.431074,-65.971044 18.430647,-65.970829 18.430392,-65.970722 18.429863,-65.970786 18.429385,-65.969864 18.42911,-65.969563 18.428112,-65.970325 18.425547,-65.975807 18.427064,-65.978286 18.427003,-65.97747 18.41834,-65.978822 18.418483,-65.983779 18.416691,-65.982277 18.414146,-65.981698 18.411581,-65.981762 18.40869,-65.981526 18.407102,-65.97732 18.406878,-65.977578 18.396474,-65.976011 18.395843,-65.971226 18.392605,-65.970175 18.391954,-65.968909 18.391648,-65.95745 18.391872,-65.957815 18.388146,-65.958008 18.385967,-65.953588 18.386619,-65.953009 18.386334,-65.953159 18.385825,-65.953803 18.385906,-65.958759 18.385489,-65.958266 18.391119,-65.964918 18.391119,-65.969145 18.390997,-65.970625 18.391404,-65.971741 18.391974,-65.976183 18.394967,-65.978329 18.395802,-65.978007 18.406003,-65.982363 18.406308,-65.984337 18.405209,-65.985195 18.407204,-65.984659 18.408405,-65.982148 18.407,-65.982513 18.408588,-65.982406 18.411357,-65.982792 18.4138,-65.985045 18.4172,-65.980131 18.418951,-65.978479 18.419358,-65.978887 18.426728,-65.98807 18.425242,-65.98777 18.421903,-65.992512 18.420946,-65.992748 18.421964))
30								ROUTE								POLYGON((-66.101673 18.390233,-66.1017 18.390584,-66.101689 18.390747,-66.10156 18.390758,-66.100938 18.390752,-66.100873 18.391496,-66.102724 18.391516,-66.104741 18.391577,-66.104929 18.391735,-66.105144 18.392274,-66.105535 18.393262,-66.103207 18.394041,-66.102086 18.394392,-66.10149 18.394799,-66.100916 18.395339,-66.100385 18.395939,-66.099935 18.396408,-66.099323 18.397105,-66.098824 18.397685,-66.098282 18.3982,-66.097574 18.39881,-66.096974 18.399248,-66.096265 18.399701,-66.095112 18.400332,-66.094211 18.400745,-66.092408 18.401539,-66.090327 18.402241,-66.090574 18.402867,-66.090756 18.403361,-66.091207 18.403722,-66.092076 18.404313,-66.092596 18.404669,-66.093181 18.405102,-66.093583 18.405697,-66.094018 18.406527,-66.09434 18.406909,-66.094833 18.40726,-66.095396 18.407687,-66.095756 18.407978,-66.096153 18.408507,-66.096416 18.409189,-66.096748 18.409841,-66.097252 18.410349,-66.097869 18.410869,-66.098518 18.411398,-66.098905 18.411714,-66.099114 18.412538,-66.099736 18.412335,-66.101667 18.411683,-66.102483 18.411378,-66.103169 18.411154,-66.103792 18.410991,-66.104393 18.410889,-66.104285 18.410339,-66.104124 18.4098,-66.103931 18.409342,-66.103856 18.409077,-66.104371 18.408894,-66.104789 18.40867,-66.105122 18.408415,-66.10538 18.408151,-66.105594 18.407703,-66.105712 18.407285,-66.105648 18.406939,-66.105616 18.406675,-66.10554 18.40643,-66.105465 18.406176,-66.105401 18.405921,-66.105455 18.405616,-66.105594 18.405239,-66.105691 18.404913,-66.105991 18.404689,-66.106495 18.404445,-66.106967 18.404252,-66.107547 18.404099,-66.10804 18.404231,-66.108566 18.404354,-66.109199 18.404404,-66.10922 18.403448,-66.10921 18.402246,-66.109178 18.401503,-66.109092 18.400699,-66.109027 18.400271,-66.108995 18.399803,-66.108899 18.399365,-66.108673 18.398765,-66.108351 18.398286,-66.107965 18.397838,-66.107686 18.397523,-66.107493 18.397278,-66.107193 18.396922,-66.106903 18.396616,-66.106624 18.396107,-66.106474 18.395558,-66.106238 18.394927,-66.106055 18.394265,-66.106002 18.393664,-66.105959 18.393277,-66.105766 18.392778,-66.105573 18.3923,-66.105262 18.391821,-66.105036 18.391485,-66.104382 18.391343,-66.10376 18.391333,-66.103127 18.391292,-66.102805 18.391292,-66.102805 18.391058,-66.10332 18.390539,-66.103523 18.390243,-66.103556 18.390075,-66.102542 18.390035,-66.101673 18.390045,-66.101673 18.390233))
49								ROUTE								POLYGON((-66.075156 18.391216,-66.075264 18.391689,-66.074759 18.39285,-66.073687 18.392799,-66.073161 18.393053,-66.072657 18.393481,-66.071702 18.394988,-66.071476 18.396576,-66.071702 18.397278,-66.072013 18.397828,-66.072152 18.397981,-66.071691 18.398978,-66.069953 18.399345,-66.068236 18.399569,-66.067067 18.399691,-66.067507 18.398673,-66.068011 18.39624,-66.068655 18.396199,-66.06962 18.396097,-66.069502 18.394031,-66.068644 18.394224,-66.068161 18.394367,-66.067936 18.394753,-66.06785 18.395201,-66.067303 18.398418,-66.066359 18.400057,-66.067829 18.400027,-66.070007 18.399722,-66.071251 18.39964,-66.071959 18.399742,-66.072978 18.398194,-66.074717 18.397655,-66.075232 18.397278,-66.075596 18.396708,-66.075586 18.393746,-66.075221 18.393074,-66.075661 18.392137,-66.07551 18.390803,-66.075017 18.390684,-66.074883 18.390511,-66.074464 18.39059,-66.074577 18.390997,-66.074652 18.391328,-66.075156 18.391216))
91								ROUTE								POLYGON((-66.154367 18.400399,-66.154764 18.40134,-66.153118 18.401147,-66.148805 18.400495,-66.147517 18.400139,-66.145119 18.398408,-66.144261 18.397482,-66.1441 18.395517,-66.143842 18.394173,-66.142469 18.392381,-66.141611 18.390528,-66.141568 18.389409,-66.142169 18.386507,-66.144593 18.386283,-66.145527 18.385652,-66.143403 18.383249,-66.142973 18.382709,-66.143424 18.3805,-66.143993 18.377435,-66.145977 18.377283,-66.149325 18.375073,-66.156556 18.36988,-66.159238 18.367498,-66.162114 18.366072,-66.161706 18.364891,-66.161706 18.364138,-66.162468 18.362457,-66.163809 18.359779,-66.166491 18.356297,-66.166255 18.355666,-66.164002 18.355767,-66.16162 18.355706,-66.160268 18.354545,-66.157243 18.354036,-66.155784 18.356521,-66.154732 18.357763,-66.153767 18.357539,-66.152586 18.357193,-66.149454 18.354301,-66.14778 18.351307,-66.147179 18.35149,-66.147919 18.353008,-66.148681 18.354566,-66.152082 18.357641,-66.153488 18.358211,-66.154968 18.358659,-66.157672 18.355421,-66.157876 18.354892,-66.159893 18.355309,-66.161073 18.356348,-66.165236 18.356562,-66.16338 18.358751,-66.162639 18.360014,-66.161094 18.364127,-66.16103 18.365614,-66.158798 18.366571,-66.154829 18.370227,-66.150419 18.373352,-66.145924 18.376631,-66.142855 18.376896,-66.141579 18.377089,-66.140699 18.377659,-66.14028 18.378474,-66.140216 18.380541,-66.140216 18.382272,-66.139111 18.382363,-66.139132 18.383249,-66.140795 18.383453,-66.140924 18.384206,-66.142008 18.384359,-66.141611 18.386578,-66.140935 18.390019,-66.140978 18.390997,-66.141804 18.392392,-66.143199 18.394845,-66.143306 18.396769,-66.143531 18.398021,-66.146374 18.400404,-66.148885 18.401086,-66.152833 18.401697,-66.154893 18.402032,-66.156041 18.4019,-66.155864 18.400225,-66.154367 18.400399))
41								ROUTE								POLYGON((-65.991364 18.421364,-65.995554 18.420376,-65.997083 18.419536,-65.999068 18.4183,-65.999711 18.418025,-66.004469 18.416722,-66.005102 18.416457,-66.00683 18.414681,-66.007876 18.413317,-66.009925 18.41066,-66.007286 18.408797,-66.00543 18.407224,-66.002833 18.405305,-66.003729 18.404226,-66.008203 18.404527,-66.011148 18.40473,-66.011229 18.406593,-66.0097 18.406588,-66.008702 18.407698,-66.00809 18.408548,-66.012715 18.411968,-66.013144 18.412355,-66.020321 18.412844,-66.020461 18.410614,-66.020354 18.408588,-66.019753 18.406776,-66.027553 18.406522,-66.027499 18.404842,-66.019066 18.405066,-66.018851 18.404231,-66.018294 18.401126,-66.017864 18.398571,-66.017647 18.396604,-66.021126 18.396566,-66.024076 18.396189,-66.024248 18.396769,-66.031115 18.397268,-66.031157 18.394417,-66.037273 18.394275,-66.043796 18.394906,-66.043753 18.401625,-66.044118 18.404903,-66.044397 18.408263,-66.044311 18.409606,-66.043903 18.411378,-66.04989 18.412436,-66.050738 18.412009,-66.053946 18.411836,-66.05284 18.408904,-66.052465 18.408029,-66.057003 18.407866,-66.056993 18.410787,-66.054085 18.412263,-66.051135 18.412436,-66.05019 18.412874,-66.049053 18.412721,-66.043066 18.411632,-66.04356 18.409759,-66.043528 18.407438,-66.043099 18.40247,-66.043131 18.398622,-66.040921 18.398571,-66.040116 18.398775,-66.032209 18.398011,-66.024184 18.397217,-66.023626 18.3968,-66.02118 18.397064,-66.018111 18.397207,-66.019324 18.404689,-66.02796 18.404506,-66.027928 18.406878,-66.020364 18.407173,-66.020826 18.408578,-66.020976 18.410838,-66.020568 18.413424,-66.013197 18.412874,-66.0125 18.412609,-66.010247 18.411011,-66.008198 18.413536,-66.00728 18.414701,-66.005902 18.416294,-66.00521 18.416742,-66.004523 18.417002,-66.002045 18.417648,-65.999904 18.418193,-65.999041 18.418641,-65.998005 18.419267,-65.996616 18.420234,-65.99572 18.420626,-65.994138 18.421023,-65.992754 18.421338,-65.992802 18.421832,-65.991622 18.422163,-65.991364 18.421364))
5								ROUTE								POLYGON((-65.992641 18.420967,-65.988178 18.421923,-65.989079 18.426952,-65.990216 18.428926,-65.992619 18.429944,-65.999701 18.431695,-66.003606 18.431858,-66.003895 18.429161,-66.005097 18.429222,-66.006374 18.429374,-66.007715 18.429486,-66.00779 18.429863,-66.007822 18.430382,-66.007865 18.430962,-66.008198 18.431685,-66.008906 18.432184,-66.011116 18.432326,-66.012811 18.432346,-66.014667 18.432346,-66.016459 18.432509,-66.017639 18.432774,-66.018927 18.433649,-66.020579 18.435909,-66.021823 18.437965,-66.01588 18.440509,-66.015021 18.440591,-66.01338 18.441558,-66.013476 18.442087,-66.015322 18.442097,-66.017231 18.442433,-66.02015 18.442433,-66.021384 18.442413,-66.028615 18.444214,-66.031951 18.445262,-66.037316 18.449201,-66.039279 18.451898,-66.041404 18.451135,-66.043721 18.449812,-66.044654 18.449344,-66.051703 18.450117,-66.053752 18.45085,-66.054525 18.451043,-66.061542 18.451918,-66.064084 18.452264,-66.065844 18.45028,-66.066455 18.449435,-66.068408 18.446443,-66.074277 18.45084,-66.077485 18.452855,-66.078461 18.453343,-66.080456 18.454687,-66.084705 18.456641,-66.085284 18.456966,-66.086014 18.45778,-66.086175 18.458411,-66.086357 18.46004,-66.086754 18.461068,-66.08758 18.461414,-66.087892 18.461546,-66.088407 18.461892,-66.089029 18.461953,-66.090188 18.46236,-66.0939 18.463825,-66.102429 18.464416,-66.105616 18.465271,-66.106238 18.465362,-66.106774 18.465352,-66.107869 18.465311,-66.108008 18.464049,-66.110242 18.464138,-66.110291 18.465105,-66.111423 18.464863,-66.111173 18.463879,-66.106914 18.463734,-66.106077 18.464843,-66.101667 18.463133,-66.098867 18.462696,-66.094726 18.462645,-66.088728 18.461332,-66.088138 18.461078,-66.087752 18.460508,-66.086851 18.457709,-66.086121 18.457099,-66.085102 18.456407,-66.080617 18.454463,-66.0786 18.453079,-66.068322 18.445659,-66.066133 18.449038,-66.063752 18.451725,-66.054332 18.450585,-66.051928 18.449669,-66.044719 18.448896,-66.039719 18.451135,-66.037895 18.449038,-66.032102 18.444804,-66.021716 18.442056,-66.016695 18.441914,-66.014893 18.441548,-66.016438 18.441079,-66.022081 18.43882,-66.024034 18.438901,-66.024312 18.438189,-66.023497 18.437395,-66.022553 18.437354,-66.019957 18.433731,-66.017832 18.43198,-66.015644 18.431553,-66.015386 18.430616,-66.014807 18.428764,-66.013712 18.428886,-66.013305 18.427196,-66.007704 18.427054,-66.007661 18.428947,-66.003499 18.428601,-66.003155 18.431369,-65.999808 18.431166,-65.991654 18.429008,-65.989766 18.42683,-65.988972 18.422351,-65.991718 18.422086,-65.992748 18.421944,-65.992641 18.420967))
50								ROUTE								POLYGON((-65.992383 18.421109,-65.988577 18.422002,-65.989165 18.42474,-65.989712 18.427196,-65.990109 18.428051,-65.991804 18.429211,-65.99322 18.429741,-65.998166 18.431186,-65.99969 18.431522,-66.003541 18.431705,-66.003745 18.429049,-66.004212 18.429089,-66.004899 18.429135,-66.005414 18.429196,-66.006111 18.429252,-66.006739 18.429313,-66.007865 18.429435,-66.00786 18.429659,-66.007854 18.430016,-66.007854 18.43054,-66.007994 18.431069,-66.008412 18.431685,-66.008938 18.432021,-66.00992 18.432173,-66.010998 18.432214,-66.014378 18.432285,-66.016126 18.432367,-66.017264 18.432601,-66.018744 18.433344,-66.019012 18.433741,-66.018766 18.434209,-66.016201 18.435939,-66.013208 18.436255,-66.00985 18.436581,-66.006631 18.436275,-66.004636 18.436255,-66.004443 18.436601,-66.004443 18.437782,-66.004582 18.438168,-66.005237 18.438922,-66.005644 18.438972,-66.006717 18.438606,-66.00911 18.43771,-66.010086 18.437252,-66.011856 18.436743,-66.014463 18.436611,-66.016212 18.436326,-66.017028 18.435929,-66.017382 18.43596,-66.01912 18.436672,-66.019645 18.436703,-66.020493 18.436224,-66.02074 18.436255,-66.021823 18.437731,-66.021748 18.438148,-66.016126 18.440581,-66.015096 18.440743,-66.013412 18.441466,-66.013369 18.442097,-66.015751 18.442382,-66.015815 18.441894,-66.014753 18.441598,-66.014968 18.441161,-66.01603 18.441008,-66.016513 18.440866,-66.022006 18.438677,-66.02325 18.438901,-66.023679 18.438911,-66.024066 18.438708,-66.024055 18.438087,-66.023647 18.43766,-66.02281 18.43768,-66.021984 18.436815,-66.02015 18.434199,-66.01913 18.433028,-66.018304 18.432357,-66.017274 18.432031,-66.015558 18.431756,-66.015354 18.431135,-66.014764 18.428753,-66.013648 18.428957,-66.01324 18.427216,-66.007865 18.427339,-66.007854 18.4291,-66.003531 18.428794,-66.003198 18.43141,-65.999765 18.431196,-65.998327 18.430921,-65.991954 18.429008,-65.991225 18.428468,-65.990742 18.427878,-65.990356 18.427644,-65.990002 18.427105,-65.989809 18.426728,-65.988771 18.422155,-65.991793 18.421496,-65.991933 18.421903,-65.992577 18.421761,-65.992383 18.421109))
8								ROUTE								POLYGON((-66.110368 18.464182,-66.108072 18.464049,-66.107933 18.465352,-66.106045 18.465362,-66.103159 18.464609,-66.102536 18.464477,-66.100004 18.464283,-66.097472 18.464131,-66.095498 18.463998,-66.093953 18.463937,-66.090488 18.462655,-66.089404 18.462228,-66.088696 18.462014,-66.087741 18.461994,-66.087119 18.461607,-66.086615 18.461159,-66.086486 18.460966,-66.086229 18.459867,-66.086111 18.458411,-66.086153 18.457587,-66.085247 18.456849,-66.083664 18.456157,-66.0819 18.455465,-66.078729 18.453613,-66.074277 18.45086,-66.07514 18.449333,-66.074824 18.449115,-66.075312 18.448364,-66.075669 18.448588,-66.078321 18.443115,-66.083514 18.436947,-66.084201 18.435782,-66.085274 18.4354,-66.091309 18.429018,-66.09641 18.423328,-66.098942 18.418707,-66.102483 18.413984,-66.103663 18.410645,-66.107182 18.408039,-66.105959 18.403987,-66.107182 18.403478,-66.109628 18.408039,-66.105347 18.412874,-66.102354 18.415877,-66.100047 18.4189,-66.098974 18.421333,-66.097097 18.42403,-66.092365 18.429751,-66.089447 18.432428,-66.085993 18.436174,-66.084437 18.437649,-66.080607 18.442016,-66.07874 18.444357,-66.077903 18.445904,-66.076004 18.448733,-66.077672 18.449807,-66.081052 18.451481,-66.083509 18.452107,-66.087677 18.453913,-66.088707 18.456152,-66.088128 18.457068,-66.087065 18.45776,-66.087393 18.459505,-66.087795 18.460798,-66.088675 18.461271,-66.090595 18.46178,-66.094747 18.462523,-66.098942 18.462564,-66.101925 18.463306,-66.104564 18.46468,-66.106034 18.464904,-66.106967 18.463693,-66.107718 18.463724,-66.110723 18.463917,-66.110991 18.465047,-66.110326 18.465138,-66.110368 18.464182))
92								ROUTE								POLYGON((-66.154464 18.400353,-66.154625 18.40135,-66.154046 18.401279,-66.154056 18.400292,-66.154099 18.399314,-66.154158 18.398495,-66.154067 18.397935,-66.154142 18.397314,-66.15419 18.396505,-66.154013 18.395604,-66.153772 18.395033,-66.153531 18.394433,-66.154239 18.393323,-66.154249 18.39258,-66.153981 18.392188,-66.153423 18.392106,-66.152983 18.392392,-66.152747 18.392819,-66.152114 18.392778,-66.151235 18.392106,-66.149851 18.391292,-66.14866 18.39063,-66.147823 18.389958,-66.147372 18.388757,-66.146675 18.387169,-66.144551 18.384522,-66.143639 18.383463,-66.147952 18.382312,-66.15029 18.381406,-66.152501 18.379828,-66.153348 18.3788,-66.154024 18.379237,-66.154958 18.37771,-66.155827 18.375664,-66.156165 18.374788,-66.15728 18.375496,-66.157865 18.37488,-66.159796 18.374238,-66.161491 18.373648,-66.16339 18.372762,-66.16295 18.371866,-66.162596 18.371021,-66.161888 18.369931,-66.163594 18.368363,-66.167017 18.369819,-66.167628 18.37097,-66.167231 18.374778,-66.167489 18.37659,-66.169259 18.376071,-66.170085 18.374554,-66.17075 18.374299,-66.170332 18.373098,-66.167875 18.373077,-66.168143 18.371876,-66.168165 18.370644,-66.167564 18.369381,-66.164989 18.368445,-66.163423 18.36761,-66.161191 18.369962,-66.16265 18.372436,-66.160129 18.373434,-66.157672 18.374289,-66.157178 18.374788,-66.155687 18.374136,-66.154325 18.377456,-66.153745 18.378392,-66.153177 18.377924,-66.15117 18.380011,-66.149421 18.380978,-66.147115 18.381895,-66.144636 18.382465,-66.142222 18.383137,-66.141568 18.386711,-66.144905 18.386354,-66.145956 18.387393,-66.146718 18.38947,-66.147243 18.390651,-66.148037 18.391506,-66.149593 18.391923,-66.151041 18.392697,-66.152361 18.393908,-66.152876 18.395751,-66.153316 18.398032,-66.153262 18.399345,-66.153219 18.400699,-66.153177 18.401758,-66.156288 18.402043,-66.155869 18.400169,-66.154464 18.400353))
45								ROUTE								POLYGON((-66.055394 18.408151,-66.05673 18.408095,-66.05674 18.407728,-66.057604 18.407499,-66.057851 18.407082,-66.057357 18.406512,-66.056515 18.406552,-66.056553 18.407606,-66.052696 18.407749,-66.044096 18.408018,-66.03266 18.408354,-66.031324 18.408512,-66.03046 18.409082,-66.02958 18.409963,-66.027976 18.413164,-66.027397 18.414513,-66.022033 18.433598,-66.021319 18.434484,-66.02104 18.433914,-66.020375 18.433995,-66.020252 18.434479,-66.019903 18.434784,-66.021893 18.438077,-66.018063 18.439873,-66.016293 18.440581,-66.01507 18.440789,-66.014565 18.440891,-66.012495 18.441878,-66.01015 18.442087,-65.996289 18.447685,-65.995527 18.448051,-65.994561 18.44913,-65.993821 18.450748,-65.993805 18.453552,-65.993784 18.455964,-65.993247 18.457282,-65.992126 18.458651,-65.991659 18.458936,-65.991278 18.458936,-65.989084 18.458457,-65.988124 18.458625,-65.987749 18.458656,-65.987411 18.458462,-65.985925 18.457241,-65.983865 18.456091,-65.981038 18.456432,-65.979965 18.457663,-65.979562 18.457724,-65.978511 18.457144,-65.978162 18.457027,-65.976639 18.457048,-65.974177 18.455679,-65.971451 18.454468,-65.969075 18.453526,-65.967857 18.45288,-65.967299 18.452733,-65.965701 18.452763,-65.955841 18.450097,-65.94957 18.449196,-65.94758 18.448708,-65.943905 18.447171,-65.943036 18.446891,-65.942414 18.446799,-65.941067 18.446306,-65.939946 18.446199,-65.939007 18.446255,-65.938525 18.446153,-65.937468 18.445802,-65.932838 18.445156,-65.931481 18.445919,-65.931057 18.445848,-65.927109 18.44457,-65.924196 18.444031,-65.922437 18.444474,-65.920946 18.444407,-65.919524 18.444072,-65.917673 18.444077,-65.916118 18.444255,-65.914653 18.444662,-65.910973 18.446194,-65.910447 18.446245,-65.908795 18.446173,-65.907336 18.446631,-65.905603 18.447568,-65.904557 18.449735,-65.903924 18.450687,-65.902749 18.450468,-65.902208 18.449837,-65.901789 18.449573,-65.899879 18.448957,-65.899107 18.448611,-65.897948 18.448697,-65.891908 18.443736,-65.885487 18.437375,-65.882391 18.430016,-65.882134 18.429675,-65.879672 18.427257,-65.879484 18.427374,-65.881748 18.42968,-65.882145 18.430138,-65.885245 18.437507,-65.891393 18.443685,-65.897669 18.448947,-65.899118 18.448896,-65.899837 18.449252,-65.901864 18.449883,-65.902529 18.450656,-65.904053 18.450926,-65.904536 18.450621,-65.906113 18.447613,-65.907438 18.446809,-65.909004 18.446418,-65.910737 18.446463,-65.914846 18.44486,-65.917539 18.44428,-65.919374 18.44426,-65.92101 18.444611,-65.922431 18.444682,-65.924298 18.444245,-65.927479 18.445008,-65.931133 18.446087,-65.931755 18.446051,-65.932914 18.4454,-65.93735 18.44599,-65.938884 18.446458,-65.940209 18.446443,-65.941137 18.446519,-65.942291 18.446962,-65.943707 18.447323,-65.947199 18.448794,-65.948996 18.449283,-65.955471 18.450254,-65.965068 18.452845,-65.965862 18.453028,-65.967535 18.452967,-65.968651 18.453542,-65.974676 18.456244,-65.976499 18.457241,-65.978205 18.457226,-65.979176 18.457831,-65.979911 18.457933,-65.981129 18.456829,-65.984004 18.456366,-65.987024 18.458452,-65.987754 18.458874,-65.988612 18.458661,-65.989074 18.458645,-65.991332 18.459144,-65.99211 18.458976,-65.992636 18.458427,-65.993918 18.456463,-65.994422 18.450585,-65.995109 18.449435,-65.996514 18.448102,-65.998756 18.447186,-66.010322 18.442514,-66.013627 18.442056,-66.015676 18.442397,-66.015745 18.441817,-66.014742 18.441553,-66.021866 18.438718,-66.022607 18.438504,-66.02339 18.439034,-66.024237 18.438321,-66.023669 18.437497,-66.02265 18.437771,-66.021974 18.436051,-66.022274 18.43428,-66.022467 18.433548,-66.024817 18.425649,-66.027595 18.415612,-66.029495 18.411032,-66.030879 18.409382,-66.03178 18.408894,-66.032788 18.408741,-66.044375 18.408476,-66.052604 18.408181,-66.054664 18.408273,-66.054986 18.410288,-66.055727 18.410187,-66.055394 18.408151))
9								ROUTE								POLYGON((-66.110776 18.463876,-66.106882 18.463591,-66.105916 18.464874,-66.102054 18.463459,-66.099275 18.462747,-66.09479 18.462665,-66.090821 18.461872,-66.088761 18.461414,-66.088364 18.46122,-66.088063 18.461047,-66.087645 18.460396,-66.087237 18.458798,-66.087205 18.457872,-66.087387 18.457607,-66.088171 18.45716,-66.088879 18.456284,-66.087956 18.455694,-66.087741 18.455145,-66.087613 18.454086,-66.087355 18.453781,-66.083568 18.452071,-66.081175 18.451491,-66.077914 18.449954,-66.07594 18.448702,-66.070511 18.444754,-66.069556 18.444041,-66.064621 18.441822,-66.063312 18.440764,-66.060512 18.437507,-66.06034 18.437156,-66.060367 18.436586,-66.060672 18.435415,-66.059128 18.435176,-66.059315 18.437777,-66.058264 18.437904,-66.053903 18.437313,-66.050158 18.435502,-66.045212 18.434738,-66.044225 18.43195,-66.044847 18.431339,-66.045631 18.431237,-66.046832 18.430474,-66.049107 18.427247,-66.048216 18.425954,-66.047723 18.425425,-66.04606 18.424427,-66.044504 18.422249,-66.043195 18.413953,-66.044247 18.40979,-66.044311 18.407204,-66.043839 18.402236,-66.046178 18.401758,-66.046124 18.399752,-66.044011 18.399772,-66.043968 18.400129,-66.043163 18.400119,-66.043249 18.402185,-66.043657 18.407285,-66.043689 18.409688,-66.042788 18.413281,-66.042659 18.414401,-66.042884 18.416274,-66.043989 18.422483,-66.045641 18.42459,-66.04739 18.425669,-66.048012 18.426372,-66.048603 18.427155,-66.04635 18.430351,-66.045384 18.430799,-66.044569 18.431023,-66.043732 18.431858,-66.044923 18.435084,-66.04974 18.435736,-66.053795 18.43766,-66.057862 18.438168,-66.059567 18.438006,-66.059514 18.436245,-66.060136 18.436326,-66.060093 18.436886,-66.060093 18.437415,-66.060265 18.437741,-66.062872 18.440825,-66.064041 18.441853,-66.065061 18.442484,-66.069138 18.444296,-66.070307 18.445018,-66.075757 18.449079,-66.078161 18.450494,-66.080907 18.451776,-66.083332 18.452427,-66.087226 18.454127,-66.087419 18.455002,-66.08758 18.455735,-66.088224 18.456264,-66.087709 18.456966,-66.087183 18.457292,-66.08669 18.457414,-66.086304 18.457892,-66.086143 18.458696,-66.086443 18.460884,-66.087098 18.461678,-66.087784 18.462045,-66.088814 18.461994,-66.090123 18.46236,-66.093932 18.463866,-66.101292 18.464304,-66.10642 18.465444,-66.107933 18.465372,-66.10804 18.464049,-66.110154 18.464131,-66.110218 18.465362,-66.111152 18.465169,-66.110916 18.464365,-66.110776 18.463876))
46								ROUTE								POLYGON((-65.992845 18.421934,-65.992716 18.421313,-65.99424 18.420956,-65.993639 18.418351,-65.993016 18.415409,-65.99145 18.409067,-65.989519 18.406298,-65.989251 18.406512,-65.987963 18.406654,-65.985195 18.406644,-65.984938 18.405911,-65.98438 18.405473,-65.984444 18.404852,-65.98262 18.396952,-65.982567 18.396393,-65.982105 18.394927,-65.982223 18.394153,-65.98144 18.391669,-65.981397 18.391099,-65.979273 18.386884,-65.982406 18.385275,-65.984766 18.384359,-65.984187 18.382384,-65.984208 18.381386,-65.983779 18.380184,-65.984015 18.379512,-65.983865 18.378453,-65.983371 18.3766,-65.981526 18.377232,-65.980603 18.374747,-65.98071 18.373729,-65.983157 18.371265,-65.981612 18.369646,-65.983264 18.367986,-65.984627 18.367172,-65.983339 18.364423,-65.979101 18.366459,-65.978822 18.367192,-65.979831 18.368903,-65.981976 18.371204,-65.980324 18.372833,-65.979766 18.374503,-65.98071 18.377211,-65.978629 18.378026,-65.978028 18.378901,-65.977878 18.381915,-65.976591 18.38275,-65.971226 18.380429,-65.968587 18.380592,-65.962026 18.379894,-65.96385 18.38165,-65.964317 18.384639,-65.959162 18.385346,-65.954559 18.386064,-65.953524 18.385866,-65.953202 18.386344,-65.954446 18.386481,-65.95848 18.385922,-65.964333 18.384985,-65.964955 18.384868,-65.964703 18.383137,-65.96437 18.381243,-65.963287 18.380245,-65.964821 18.38049,-65.968437 18.380968,-65.970872 18.381131,-65.97437 18.38219,-65.976451 18.383565,-65.977202 18.383269,-65.977224 18.382943,-65.978082 18.382445,-65.978372 18.382068,-65.978468 18.379075,-65.978962 18.378525,-65.982878 18.377323,-65.983457 18.378229,-65.983543 18.3794,-65.983318 18.380072,-65.983489 18.381569,-65.983693 18.382363,-65.984026 18.384277,-65.982717 18.384684,-65.98056 18.385418,-65.97864 18.38667,-65.980592 18.390803,-65.981065 18.391373,-65.981558 18.394397,-65.982234 18.396545,-65.982481 18.39794,-65.98409 18.404781,-65.98409 18.405443,-65.984648 18.406115,-65.985023 18.407122,-65.98865 18.407163,-65.989336 18.407031,-65.990463 18.408415,-65.990989 18.409158,-65.992437 18.41494,-65.993725 18.420712,-65.991383 18.421313,-65.9916 18.422198,-65.992845 18.421934))
37								ROUTE								POLYGON((-66.125271 18.438372,-66.124085 18.438845,-66.124268 18.439237,-66.121569 18.440301,-66.118152 18.441492,-66.116881 18.442036,-66.115255 18.443395,-66.114526 18.444051,-66.115416 18.443807,-66.116967 18.442891,-66.11761 18.442346,-66.118571 18.44198,-66.120191 18.441624,-66.1218 18.44142,-66.12445 18.441502,-66.126011 18.441914,-66.127422 18.442596,-66.128785 18.442845,-66.130136 18.44312,-66.131317 18.443665,-66.1321 18.444306,-66.132969 18.444962,-66.13379 18.445797,-66.134691 18.446652,-66.136906 18.449542,-66.138387 18.452323,-66.138934 18.45344,-66.139248 18.453875,-66.139779 18.453977,-66.140495 18.453839,-66.141243 18.453387,-66.142024 18.452524,-66.142356 18.451654,-66.142383 18.450412,-66.143306 18.449227,-66.145731 18.447227,-66.146691 18.447939,-66.148483 18.448265,-66.14977 18.449379,-66.148375 18.450753,-66.147029 18.453191,-66.146659 18.454066,-66.150119 18.454259,-66.152141 18.454066,-66.154373 18.453684,-66.155725 18.453353,-66.157667 18.452417,-66.160617 18.451674,-66.163932 18.450885,-66.166663 18.450799,-66.166588 18.449242,-66.166217 18.446667,-66.166115 18.439914,-66.166137 18.437721,-66.172655 18.437756,-66.172606 18.440581,-66.174688 18.441151,-66.175911 18.442056,-66.175074 18.443787,-66.174613 18.44571,-66.176415 18.446585,-66.178421 18.448031,-66.18031 18.449313,-66.182327 18.450687,-66.18517 18.453018,-66.187477 18.454972,-66.188174 18.454453,-66.188464 18.452285,-66.189032 18.449201,-66.188002 18.448896,-66.187047 18.447583,-66.183958 18.443532,-66.180578 18.44109,-66.180589 18.437049,-66.179001 18.43709,-66.179087 18.434749,-66.172456 18.43483,-66.172435 18.437171,-66.165246 18.436967,-66.165354 18.446046,-66.165783 18.45028,-66.1628 18.450504,-66.158938 18.451399,-66.155333 18.452845,-66.150505 18.453761,-66.147565 18.453679,-66.148574 18.451318,-66.150505 18.449364,-66.148831 18.447959,-66.146771 18.447451,-66.145763 18.446453,-66.142823 18.448896,-66.141643 18.450382,-66.1413 18.452499,-66.14012 18.453435,-66.139283 18.453089,-66.138446 18.451298,-66.137437 18.449527,-66.135914 18.447227,-66.134015 18.445354,-66.13276 18.444061,-66.13011 18.442667,-66.127738 18.442301,-66.125957 18.441364,-66.123458 18.440845,-66.123415 18.439919,-66.125662 18.439222,-66.125271 18.438372))
53								ROUTE								POLYGON((-66.111495 18.46525,-66.109575 18.465795,-66.107391 18.465901,-66.104682 18.465998,-66.104784 18.467606,-66.102976 18.467682,-66.100326 18.466324,-66.097746 18.465734,-66.095509 18.465805,-66.09471 18.466034,-66.093084 18.466034,-66.092864 18.466013,-66.093444 18.464533,-66.089179 18.462843,-66.08787 18.462319,-66.087055 18.46177,-66.086561 18.461068,-66.086218 18.460233,-66.083385 18.460854,-66.082162 18.460996,-66.079598 18.460538,-66.076487 18.458849,-66.0755 18.458259,-66.074652 18.457282,-66.070983 18.45602,-66.069159 18.455419,-66.066166 18.455043,-66.062153 18.454442,-66.061273 18.453486,-66.05946 18.452865,-66.056617 18.452692,-66.053398 18.452234,-66.050287 18.451603,-66.050029 18.452967,-66.04709 18.452376,-66.047379 18.449649,-66.044729 18.449364,-66.042047 18.450789,-66.039665 18.451888,-66.039108 18.451847,-66.03738 18.449415,-66.033883 18.446697,-66.032155 18.445415,-66.029891 18.444672,-66.025536 18.443441,-66.021673 18.442484,-66.017886 18.442596,-66.016212 18.442311,-66.015214 18.442433,-66.013734 18.442179,-66.013294 18.441832,-66.013412 18.441517,-66.014571 18.441558,-66.016759 18.442036,-66.018519 18.442209,-66.021684 18.442168,-66.025375 18.442983,-66.028604 18.443919,-66.031962 18.444988,-66.033872 18.446219,-66.035964 18.447766,-66.037895 18.449262,-66.03944 18.451511,-66.041318 18.450768,-66.044579 18.449008,-66.047841 18.449303,-66.047583 18.452051,-66.049783 18.452519,-66.049976 18.451125,-66.054439 18.452081,-66.05681 18.452315,-66.059342 18.452488,-66.061735 18.453374,-66.062325 18.454157,-66.065586 18.454626,-66.068762 18.454025,-66.070758 18.454157,-66.074287 18.455857,-66.074985 18.457088,-66.076326 18.458259,-66.079663 18.460253,-66.082012 18.460599,-66.086014 18.459724,-66.086035 18.458391,-66.086304 18.457648,-66.08699 18.457312,-66.088267 18.456162,-66.088771 18.454961,-66.08875 18.453944,-66.088417 18.453221,-66.090209 18.45257,-66.093621 18.455318,-66.094275 18.456549,-66.091722 18.457211,-66.089855 18.457373,-66.088836 18.456692,-66.08757 18.457709,-66.087473 18.459154,-66.087881 18.460772,-66.088267 18.462085,-66.090863 18.463235,-66.093707 18.464294,-66.09773 18.465006,-66.101989 18.465535,-66.10377 18.466166,-66.104435 18.466136,-66.104425 18.465718,-66.108738 18.465596,-66.109639 18.465555,-66.110111 18.465423,-66.110229 18.464151,-66.111109 18.464212,-66.111495 18.46525))
16								ROUTE								POLYGON((-66.060683 18.435481,-66.060501 18.436153,-66.059203 18.436153,-66.059069 18.434937,-66.058951 18.432061,-66.058516 18.429863,-66.05784 18.426361,-66.056692 18.426606,-66.053817 18.427328,-66.049278 18.427145,-66.048849 18.42741,-66.046586 18.430687,-66.045674 18.431166,-66.044799 18.431273,-66.044209 18.431715,-66.044118 18.431995,-66.045083 18.43483,-66.046178 18.434972,-66.045266 18.437517,-66.046875 18.438749,-66.051671 18.440978,-66.056467 18.443797,-66.060941 18.444194,-66.0624 18.444082,-66.063097 18.444112,-66.06388 18.443715,-66.064234 18.443237,-66.064964 18.442179,-66.067078 18.442922,-66.068773 18.443715,-66.069513 18.444092,-66.07329 18.446972,-66.075296 18.448463,-66.075403 18.44856,-66.075733 18.448753,-66.075473 18.449165,-66.075336 18.4494,-66.075258 18.449562,-66.07447 18.450906,-66.072024 18.449089,-66.06961 18.447176,-66.068376 18.446234,-66.066493 18.444809,-66.064471 18.443334,-66.064133 18.443792,-66.063929 18.443985,-66.063339 18.44428,-66.062443 18.44428,-66.061343 18.444397,-66.059744 18.444301,-66.057695 18.444087,-66.056456 18.444,-66.056215 18.443924,-66.05202 18.44138,-66.050464 18.440708,-66.048887 18.43997,-66.046596 18.438911,-66.045684 18.438128,-66.045041 18.437619,-66.042541 18.43682,-66.043179 18.434886,-66.044869 18.434825,-66.043871 18.432082,-66.043914 18.431644,-66.044182 18.4314,-66.04474 18.431003,-66.045556 18.430932,-66.046317 18.430525,-66.048334 18.427552,-66.049118 18.426891,-66.05357 18.427105,-66.057647 18.426168,-66.058677 18.425985,-66.059417 18.429507,-66.059739 18.431196,-66.06078 18.434301,-66.060791 18.435186,-66.060683 18.435481))
27								ROUTE								POLYGON((-66.102772 18.391557,-66.100852 18.391455,-66.100573 18.389398,-66.099414 18.389358,-66.096571 18.390213,-66.094543 18.390366,-66.094608 18.389653,-66.094769 18.387922,-66.095048 18.387169,-66.095134 18.386578,-66.09655 18.38668,-66.097644 18.386527,-66.098288 18.386222,-66.098824 18.385866,-66.099747 18.384501,-66.100133 18.383514,-66.100841 18.381976,-66.100713 18.379706,-66.099479 18.379777,-66.098513 18.379685,-66.097633 18.379197,-66.096764 18.378647,-66.095799 18.378352,-66.095048 18.377944,-66.094565 18.377293,-66.094028 18.376499,-66.092784 18.375979,-66.090037 18.375328,-66.088922 18.374941,-66.08758 18.37379,-66.086229 18.372334,-66.085574 18.370542,-66.086121 18.370257,-66.086701 18.370043,-66.087205 18.369972,-66.088106 18.369697,-66.089018 18.369168,-66.089769 18.368322,-66.090359 18.367946,-66.091196 18.367691,-66.093428 18.367396,-66.095488 18.366408,-66.096775 18.367986,-66.099275 18.37041,-66.100187 18.37096,-66.101903 18.371693,-66.107665 18.371947,-66.109714 18.372904,-66.113598 18.373057,-66.113694 18.370288,-66.112418 18.36987,-66.110926 18.368669,-66.111516 18.368129,-66.111592 18.367793,-66.110304 18.366734,-66.110819 18.366266,-66.111356 18.364382,-66.111516 18.363781,-66.110765 18.361236,-66.11326 18.360599,-66.113829 18.359983,-66.114971 18.357946,-66.112324 18.355625,-66.112235 18.355788,-66.112088 18.355207,-66.113973 18.356643,-66.115615 18.357977,-66.116226 18.358568,-66.116634 18.359596,-66.116409 18.360991,-66.114703 18.36095,-66.111388 18.361785,-66.111785 18.363628,-66.111763 18.364657,-66.111248 18.366143,-66.110862 18.366765,-66.111731 18.367538,-66.112021 18.367986,-66.111806 18.368363,-66.111559 18.36875,-66.112546 18.369585,-66.114102 18.370013,-66.113963 18.373291,-66.1098 18.373281,-66.107751 18.372304,-66.102375 18.372181,-66.101571 18.371957,-66.099436 18.371011,-66.096861 18.368638,-66.095391 18.366826,-66.093986 18.367518,-66.09317 18.367742,-66.091142 18.368027,-66.090005 18.368679,-66.0889 18.369636,-66.088085 18.370084,-66.086829 18.370369,-66.086229 18.370848,-66.086658 18.372049,-66.088718 18.374228,-66.089372 18.374666,-66.091003 18.375043,-66.09508 18.376458,-66.094876 18.376977,-66.095155 18.377557,-66.095691 18.377985,-66.096346 18.378301,-66.096968 18.378423,-66.097741 18.378932,-66.098277 18.379248,-66.098942 18.379492,-66.100991 18.37937,-66.101195 18.382078,-66.09994 18.385,-66.099286 18.385937,-66.098438 18.386537,-66.097193 18.386985,-66.095885 18.387006,-66.095273 18.387352,-66.094919 18.389968,-66.096121 18.389938,-66.097429 18.389612,-66.099189 18.389113,-66.100616 18.389062,-66.104221 18.389225,-66.102772 18.391557))
19								ROUTE								POLYGON((-66.101614 18.390315,-66.101624 18.390528,-66.101635 18.390834,-66.10089 18.390813,-66.100847 18.39148,-66.104779 18.391623,-66.105498 18.393262,-66.102059 18.394367,-66.107268 18.406532,-66.107386 18.407866,-66.107085 18.408935,-66.105959 18.40983,-66.104156 18.410258,-66.101303 18.411011,-66.099221 18.411764,-66.097483 18.412477,-66.095874 18.413047,-66.093835 18.413291,-66.091775 18.413271,-66.089158 18.413414,-66.08875 18.40696,-66.085746 18.398714,-66.077828 18.401177,-66.076841 18.401198,-66.075854 18.400953,-66.073295 18.399752,-66.07197 18.39935,-66.072662 18.398378,-66.074781 18.397706,-66.075747 18.396647,-66.075639 18.393827,-66.075253 18.393155,-66.075747 18.392137,-66.075741 18.391821,-66.075414 18.390992,-66.074368 18.39118,-66.074239 18.391608,-66.075274 18.391944,-66.074786 18.392916,-66.073729 18.39289,-66.072753 18.393415,-66.071755 18.395186,-66.0716 18.396016,-66.071573 18.396871,-66.071723 18.397517,-66.072152 18.398072,-66.071653 18.399095,-66.071423 18.39965,-66.072512 18.39991,-66.074266 18.400577,-66.076594 18.401554,-66.078075 18.401493,-66.080371 18.400862,-66.085456 18.399274,-66.087827 18.406288,-66.08831 18.407581,-66.088374 18.410156,-66.088718 18.414045,-66.09508 18.413943,-66.096732 18.413495,-66.101807 18.411581,-66.103234 18.411255,-66.104972 18.412477,-66.106474 18.410889,-66.107826 18.409169,-66.109231 18.408364,-66.109167 18.407754,-66.108394 18.40697,-66.107858 18.406074,-66.107311 18.404466,-66.107214 18.40417,-66.106528 18.402704,-66.104768 18.398306,-66.103245 18.394509,-66.105959 18.393603,-66.105304 18.391618,-66.105036 18.391394,-66.10289 18.391241,-66.10288 18.390895,-66.103609 18.390162,-66.101592 18.39005,-66.101614 18.390315))
15								ROUTE								POLYGON((-66.046307 18.401727,-66.043249 18.402175,-66.043184 18.398469,-66.040964 18.398429,-66.040245 18.398693,-66.031855 18.397848,-66.031608 18.399722,-66.031233 18.402368,-66.031383 18.406787,-66.031318 18.407408,-66.031275 18.407906,-66.031522 18.408181,-66.032091 18.408232,-66.036372 18.408161,-66.036361 18.408965,-66.035664 18.410726,-66.034247 18.414248,-66.03407 18.414788,-66.034993 18.415185,-66.03399 18.418239,-66.034462 18.421862,-66.037831 18.421394,-66.039676 18.420132,-66.041157 18.418076,-66.044139 18.419094,-66.044633 18.422351,-66.046049 18.424326,-66.047744 18.425405,-66.048731 18.426545,-66.053602 18.427033,-66.058892 18.425832,-66.059954 18.43084,-66.06064 18.433425,-66.060833 18.434474,-66.06078 18.435044,-66.060522 18.436102,-66.059149 18.436102,-66.058956 18.433385,-66.058462 18.429843,-66.057797 18.426443,-66.05401 18.427369,-66.049321 18.427186,-66.048613 18.427033,-66.047648 18.425812,-66.04591 18.424784,-66.044172 18.422687,-66.043174 18.419358,-66.041167 18.418798,-66.040105 18.420325,-66.038196 18.42172,-66.034129 18.4223,-66.033443 18.418157,-66.034655 18.415276,-66.033765 18.414981,-66.034344 18.413342,-66.03016 18.411775,-66.029688 18.41152,-66.028422 18.413587,-66.0284 18.414065,-66.029001 18.414829,-66.02899 18.415602,-66.028389 18.415796,-66.027628 18.415297,-66.027317 18.414839,-66.029902 18.408935,-66.030246 18.408354,-66.030482 18.407917,-66.030846 18.407387,-66.030771 18.401982,-66.03075 18.401513,-66.031179 18.394377,-66.040062 18.394397,-66.043174 18.394784,-66.043689 18.398266,-66.043796 18.39965,-66.046242 18.399793,-66.046307 18.401727))
28								ROUTE								POLYGON((-66.043152 18.39964,-66.043227 18.402165,-66.048034 18.401534,-66.050727 18.401228,-66.051778 18.401462,-66.051993 18.401758,-66.051843 18.403885,-66.051821 18.406094,-66.052744 18.408385,-66.05681 18.40812,-66.057744 18.407978,-66.058441 18.407967,-66.058988 18.407835,-66.065018 18.407672,-66.069674 18.40757,-66.073322 18.407438,-66.075457 18.407173,-66.076734 18.406949,-66.087012 18.403692,-66.09287 18.401798,-66.095842 18.400505,-66.097215 18.399579,-66.103266 18.408405,-66.10362 18.40925,-66.104865 18.408772,-66.10524 18.408375,-66.10568 18.407682,-66.106474 18.407682,-66.106806 18.40755,-66.106957 18.407214,-66.106978 18.406705,-66.106463 18.405514,-66.106109 18.404751,-66.106528 18.404567,-66.1073 18.406288,-66.107536 18.407326,-66.107343 18.408527,-66.107096 18.408985,-66.106034 18.410227,-66.105508 18.410614,-66.104328 18.410655,-66.10391 18.411561,-66.104811 18.412355,-66.1048 18.412594,-66.105095 18.412732,-66.105455 18.412431,-66.10524 18.412167,-66.105862 18.411429,-66.10598 18.411128,-66.106034 18.410843,-66.106731 18.410187,-66.107418 18.409454,-66.10767 18.409102,-66.108791 18.408665,-66.109017 18.408298,-66.109017 18.40785,-66.108856 18.407596,-66.10789 18.406288,-66.107439 18.40531,-66.106967 18.403916,-66.105916 18.404415,-66.105444 18.404761,-66.105101 18.405931,-66.10524 18.406756,-66.10538 18.407234,-66.104865 18.408303,-66.103802 18.408761,-66.103062 18.407458,-66.097269 18.398897,-66.095348 18.400144,-66.090928 18.401971,-66.075666 18.406685,-66.070168 18.407143,-66.058339 18.407504,-66.057196 18.407591,-66.056209 18.407616,-66.05578 18.40756,-66.054884 18.407494,-66.053876 18.407484,-66.052835 18.407367,-66.052561 18.407367,-66.052138 18.406104,-66.052288 18.401325,-66.051065 18.400989,-66.049713 18.401081,-66.046087 18.401478,-66.046146 18.39965,-66.043152 18.39964))
31								ROUTE								POLYGON((-66.043286 18.399915,-66.04327 18.402083,-66.045904 18.401686,-66.04813 18.401452,-66.050496 18.401182,-66.05114 18.401203,-66.051864 18.401396,-66.052068 18.401717,-66.051993 18.402923,-66.051896 18.403962,-66.051891 18.405962,-66.051934 18.406216,-66.052787 18.408293,-66.056773 18.40809,-66.056655 18.405947,-66.056563 18.403325,-66.056553 18.401386,-66.05622 18.399121,-66.055775 18.397446,-66.05549 18.396347,-66.055458 18.395787,-66.055662 18.395079,-66.057202 18.39401,-66.059036 18.393013,-66.060554 18.392152,-66.061499 18.391623,-66.062405 18.390824,-66.063532 18.389648,-66.062496 18.388645,-66.063408 18.387403,-66.063054 18.387199,-66.063011 18.386741,-66.063355 18.385967,-66.063258 18.385275,-66.062926 18.384593,-66.063033 18.383005,-66.063966 18.381019,-66.064428 18.378291,-66.065897 18.376132,-66.066305 18.375297,-66.066906 18.372171,-66.067947 18.372049,-66.068665 18.371896,-66.070801 18.370685,-66.076133 18.36818,-66.077045 18.367701,-66.080156 18.367345,-66.081175 18.367589,-66.085596 18.37098,-66.087119 18.370267,-66.084222 18.369005,-66.082634 18.36705,-66.084501 18.364647,-66.086046 18.362386,-66.087033 18.360472,-66.087334 18.359698,-66.087892 18.359392,-66.088584 18.359423,-66.089013 18.359,-66.089313 18.3584,-66.087473 18.357656,-66.087242 18.358171,-66.083621 18.356317,-66.081926 18.355615,-66.08006 18.355859,-66.077705 18.357804,-66.076583 18.357997,-66.075934 18.357972,-66.075242 18.360197,-66.073397 18.363094,-66.074019 18.363608,-66.076235 18.366963,-66.075768 18.367391,-66.075741 18.367747,-66.07183 18.369575,-66.068547 18.371448,-66.067421 18.371744,-66.066477 18.371611,-66.065983 18.374951,-66.065554 18.376,-66.064127 18.377995,-66.063655 18.380816,-66.062647 18.382893,-66.062647 18.384776,-66.062926 18.385428,-66.063033 18.385876,-66.06269 18.3867,-66.06269 18.38723,-66.062893 18.387688,-66.061992 18.388859,-66.061617 18.389256,-66.060479 18.390702,-66.057583 18.393349,-66.055426 18.394804,-66.054203 18.395975,-66.054224 18.396555,-66.054493 18.397003,-66.055297 18.397533,-66.055834 18.39906,-66.056199 18.402328,-66.056263 18.405809,-66.056349 18.407143,-66.056102 18.407296,-66.053591 18.407397,-66.052647 18.407357,-66.052143 18.406247,-66.052218 18.403152,-66.052336 18.401259,-66.051113 18.401014,-66.048184 18.401289,-66.046113 18.401462,-66.046103 18.399905,-66.043286 18.399915))
17								ROUTE								POLYGON((-66.054621 18.407886,-66.056864 18.407805,-66.057035 18.41377,-66.057068 18.415846,-66.061735 18.414472,-66.06549 18.413261,-66.068955 18.412599,-66.070661 18.412548,-66.070511 18.414564,-66.070715 18.418147,-66.071712 18.418544,-66.072227 18.418992,-66.076905 18.416773,-66.079287 18.41547,-66.0783 18.413658,-66.077871 18.412701,-66.075446 18.407631,-66.075081 18.406634,-66.079888 18.40529,-66.086797 18.403112,-66.091797 18.401625,-66.094737 18.400302,-66.096796 18.399182,-66.094543 18.397105,-66.091346 18.39458,-66.089394 18.393094,-66.083718 18.393461,-66.080081 18.394234,-66.07963 18.394988,-66.075612 18.392127,-66.074137 18.391628,-66.074314 18.391088,-66.075473 18.390951,-66.075666 18.391715,-66.078633 18.393654,-66.079416 18.394209,-66.07985 18.393842,-66.081975 18.393374,-66.084051 18.39288,-66.087216 18.392646,-66.089533 18.392432,-66.090198 18.392646,-66.091732 18.39401,-66.094994 18.396637,-66.09656 18.397991,-66.097633 18.399294,-66.095777 18.400546,-66.092677 18.401951,-66.086947 18.403804,-66.080145 18.405901,-66.077152 18.406909,-66.075929 18.407214,-66.077345 18.410197,-66.078751 18.413098,-66.08007 18.415887,-66.074169 18.418758,-66.071283 18.420173,-66.070929 18.421414,-66.070253 18.421669,-66.069813 18.421414,-66.069588 18.420916,-66.069685 18.420305,-66.07035 18.419989,-66.070071 18.418249,-66.069889 18.416549,-66.069588 18.413098,-66.067292 18.413383,-66.064867 18.414014,-66.061896 18.41491,-66.058988 18.415755,-66.057121 18.416355,-66.056177 18.417272,-66.055641 18.417699,-66.055083 18.415806,-66.05445 18.413383,-66.053313 18.410227,-66.052486 18.408008,-66.054621 18.407886))
29								ROUTE								POLYGON((-66.043624 18.399834,-66.043227 18.400281,-66.043227 18.402104,-66.050373 18.401218,-66.050963 18.401218,-66.051843 18.401462,-66.052025 18.401747,-66.051832 18.403845,-66.051789 18.406033,-66.052733 18.408334,-66.05681 18.408161,-66.056638 18.403356,-66.056381 18.399895,-66.055909 18.397797,-66.055523 18.396169,-66.055587 18.395344,-66.055855 18.394977,-66.058913 18.393175,-66.061477 18.391791,-66.062443 18.390925,-66.063666 18.389541,-66.062453 18.388757,-66.063301 18.387668,-66.065973 18.384145,-66.067357 18.382363,-66.068923 18.3833,-66.07021 18.384053,-66.070961 18.384359,-66.071788 18.38445,-66.072571 18.384084,-66.075317 18.382333,-66.08183 18.385346,-66.082184 18.385601,-66.082495 18.386252,-66.082967 18.385988,-66.083385 18.385509,-66.083858 18.384735,-66.084126 18.383717,-66.085113 18.383799,-66.08581 18.383901,-66.086368 18.383646,-66.087098 18.382964,-66.088149 18.381834,-66.089726 18.380001,-66.091078 18.378586,-66.091389 18.377873,-66.091121 18.375643,-66.09126 18.375104,-66.089608 18.374737,-66.088932 18.374401,-66.08699 18.372548,-66.086196 18.370899,-66.086347 18.370624,-66.086808 18.370339,-66.087387 18.370277,-66.088428 18.369891,-66.089351 18.369331,-66.09007 18.368618,-66.09111 18.368027,-66.09346 18.36764,-66.094136 18.367447,-66.09538 18.366836,-66.096721 18.368424,-66.099135 18.370705,-66.100391 18.371408,-66.101667 18.372019,-66.103062 18.372151,-66.107472 18.372293,-66.109682 18.37324,-66.113909 18.373322,-66.114134 18.36985,-66.112654 18.369585,-66.111431 18.368709,-66.111881 18.368241,-66.111913 18.367885,-66.111688 18.367477,-66.110841 18.366734,-66.111184 18.366296,-66.111774 18.36426,-66.111774 18.363914,-66.111302 18.361785,-66.114563 18.36095,-66.116473 18.361073,-66.116527 18.360533,-66.116623 18.359688,-66.116387 18.358771,-66.11569 18.35814,-66.1151 18.35757,-66.113898 18.356602,-66.112042 18.355167,-66.112192 18.35589,-66.112385 18.355655,-66.113297 18.35649,-66.114445 18.357325,-66.115068 18.357957,-66.114531 18.358812,-66.113984 18.359871,-66.113426 18.360696,-66.110883 18.361388,-66.111474 18.363639,-66.111441 18.36426,-66.11083 18.366225,-66.110283 18.366805,-66.111302 18.367579,-66.111613 18.367976,-66.111034 18.368791,-66.112321 18.369789,-66.113684 18.370196,-66.113609 18.372965,-66.109853 18.372965,-66.107611 18.371957,-66.1023 18.371825,-66.101592 18.371662,-66.099843 18.370787,-66.097011 18.368272,-66.095498 18.366408,-66.093825 18.367264,-66.091529 18.36765,-66.090359 18.367956,-66.08978 18.368343,-66.089158 18.369066,-66.088256 18.369626,-66.08699 18.370043,-66.086207 18.370298,-66.085778 18.37097,-66.086239 18.372385,-66.088031 18.374228,-66.088653 18.374798,-66.089383 18.375114,-66.090799 18.37544,-66.090778 18.375613,-66.090992 18.377374,-66.091014 18.377944,-66.09081 18.378331,-66.086207 18.383361,-66.085692 18.383544,-66.083793 18.38333,-66.083729 18.384359,-66.083139 18.385265,-66.082559 18.38558,-66.08227 18.385255,-66.075221 18.382007,-66.07212 18.383941,-66.07109 18.384063,-66.070307 18.383738,-66.068494 18.382536,-66.067442 18.381854,-66.061917 18.388849,-66.061574 18.389276,-66.060136 18.390925,-66.057615 18.393349,-66.055426 18.394774,-66.054289 18.395802,-66.054149 18.396413,-66.054439 18.396983,-66.054911 18.397309,-66.055383 18.397594,-66.05592 18.399579,-66.056156 18.403071,-66.056306 18.407112,-66.054021 18.407336,-66.053516 18.407387,-66.052615 18.407346,-66.052143 18.406064,-66.052218 18.403162,-66.052347 18.401269,-66.051177 18.400984,-66.05018 18.401014,-66.046135 18.401442,-66.046113 18.399762,-66.043624 18.399834))
4								ROUTE								POLYGON((-66.044461 18.39961,-66.043238 18.399599,-66.043254 18.400709,-66.043249 18.401478,-66.043281 18.402155,-66.046709 18.401768,-66.048415 18.401539,-66.050341 18.401274,-66.051435 18.401381,-66.051971 18.401671,-66.051928 18.40302,-66.051821 18.404496,-66.051773 18.405987,-66.052261 18.407372,-66.05269 18.408456,-66.055153 18.408247,-66.056874 18.408207,-66.056842 18.406558,-66.056687 18.404038,-66.056601 18.401997,-66.056569 18.400745,-66.056365 18.399482,-66.055979 18.398006,-66.055694 18.396728,-66.055598 18.39567,-66.055737 18.395385,-66.058409 18.393766,-66.061681 18.391872,-66.061992 18.391709,-66.06476 18.391659,-66.066015 18.392066,-66.066584 18.391994,-66.067754 18.3912,-66.069577 18.390773,-66.071798 18.390182,-66.073279 18.389714,-66.074534 18.389205,-66.074888 18.390712,-66.075156 18.392035,-66.076637 18.392951,-66.080081 18.395059,-66.080907 18.394071,-66.083815 18.393359,-66.085231 18.393389,-66.087194 18.393216,-66.088932 18.39289,-66.090005 18.393206,-66.090928 18.394173,-66.092451 18.395354,-66.094104 18.396739,-66.095756 18.39793,-66.096786 18.39909,-66.097955 18.400628,-66.09906 18.402267,-66.100187 18.403875,-66.10127 18.405545,-66.102268 18.407061,-66.103416 18.408935,-66.10392 18.410482,-66.103352 18.411826,-66.103438 18.412385,-66.103813 18.412915,-66.10435 18.412996,-66.104696 18.412856,-66.104806 18.412726,-66.10506 18.412864,-66.105385 18.412752,-66.105597 18.41264,-66.105535 18.412482,-66.105339 18.412251,-66.105532 18.411882,-66.106131 18.411327,-66.107214 18.40982,-66.108051 18.409016,-66.108866 18.40868,-66.109167 18.408242,-66.109178 18.407845,-66.108813 18.407397,-66.108448 18.40698,-66.10818 18.406491,-66.107826 18.40586,-66.107536 18.405046,-66.107246 18.403875,-66.105777 18.404425,-66.105176 18.405107,-66.105047 18.406379,-66.105229 18.407255,-66.105133 18.407733,-66.104682 18.408344,-66.103878 18.408772,-66.103116 18.407346,-66.1017 18.40527,-66.10053 18.403224,-66.097462 18.398989,-66.095209 18.396779,-66.091475 18.393807,-66.089715 18.392381,-66.087183 18.392544,-66.083557 18.392931,-66.08021 18.393562,-66.079416 18.39401,-66.075768 18.391608,-66.075339 18.390019,-66.074942 18.388146,-66.072807 18.388899,-66.070854 18.389785,-66.068365 18.390254,-66.066294 18.390854,-66.065146 18.390294,-66.06402 18.389714,-66.063033 18.389266,-66.06226 18.390294,-66.060909 18.391343,-66.059364 18.392351,-66.057153 18.393572,-66.055319 18.394804,-66.054117 18.395782,-66.054117 18.396403,-66.0543 18.396851,-66.054718 18.397319,-66.055351 18.397828,-66.055952 18.40019,-66.056081 18.402694,-66.056123 18.40417,-66.056188 18.407122,-66.053946 18.407245,-66.052712 18.407224,-66.052304 18.406115,-66.052261 18.404567,-66.052358 18.40305,-66.052422 18.401411,-66.05166 18.401035,-66.050384 18.400882,-66.04842 18.401167,-66.046146 18.40133,-66.046231 18.399681,-66.044461 18.39961))
10								ROUTE								POLYGON((-66.060833 18.435054,-66.059085 18.434759,-66.059192 18.436794,-66.059256 18.437741,-66.057947 18.437833,-66.053988 18.437313,-66.050587 18.435695,-66.046231 18.434891,-66.044139 18.434708,-66.043217 18.434769,-66.042423 18.436957,-66.045073 18.437751,-66.046553 18.438972,-66.051242 18.441151,-66.053463 18.442296,-66.053017 18.443955,-66.052658 18.445242,-66.052336 18.446881,-66.05224 18.44801,-66.052132 18.45026,-66.054579 18.451114,-66.057465 18.45145,-66.060394 18.451817,-66.063687 18.452244,-66.063129 18.454605,-66.065876 18.455022,-66.069084 18.455369,-66.073933 18.456997,-66.074577 18.457241,-66.075618 18.45831,-66.077935 18.459653,-66.079405 18.460508,-66.082098 18.461007,-66.086186 18.460264,-66.086604 18.461149,-66.087634 18.461495,-66.087967 18.461281,-66.087892 18.460813,-66.087666 18.459979,-66.087323 18.458747,-66.087355 18.45776,-66.088471 18.456885,-66.088868 18.456346,-66.089415 18.454849,-66.089351 18.453638,-66.088857 18.452763,-66.088213 18.452193,-66.08713 18.451807,-66.085456 18.451176,-66.083986 18.450148,-66.083321 18.449618,-66.083664 18.447786,-66.08375 18.447064,-66.083493 18.446117,-66.082334 18.444916,-66.081626 18.44454,-66.080746 18.444011,-66.07903 18.44399,-66.078107 18.443461,-66.077463 18.445232,-66.076326 18.447186,-66.075607 18.448417,-66.075242 18.448458,-66.074717 18.44912,-66.07535 18.449588,-66.075779 18.448967,-66.077334 18.450036,-66.079856 18.451277,-66.080875 18.451623,-66.083267 18.452356,-66.0861 18.453598,-66.087323 18.454188,-66.087419 18.455369,-66.087548 18.455938,-66.088128 18.456325,-66.087398 18.457017,-66.086497 18.457506,-66.085982 18.458279,-66.086089 18.459826,-66.082527 18.460457,-66.079759 18.460009,-66.07609 18.458015,-66.074824 18.456712,-66.07418 18.455776,-66.070854 18.454229,-66.06888 18.453883,-66.065769 18.454554,-66.063752 18.454269,-66.06431 18.451929,-66.060554 18.451481,-66.057465 18.450931,-66.054546 18.450585,-66.053001 18.450158,-66.053087 18.447573,-66.053495 18.445313,-66.054074 18.44342,-66.05431 18.442382,-66.053044 18.441527,-66.051456 18.440794,-66.049075 18.439736,-66.046768 18.438667,-66.045362 18.437456,-66.046146 18.435268,-66.049332 18.435766,-66.052519 18.437079,-66.053838 18.4377,-66.058162 18.438179,-66.059739 18.437945,-66.060512 18.437486,-66.060415 18.436825,-66.060833 18.435054))
40								ROUTE								POLYGON((-66.056864 18.410614,-66.054149 18.41209,-66.052669 18.408181,-66.051725 18.405952,-66.05195 18.403509,-66.052047 18.401829,-66.051832 18.401442,-66.050984 18.401218,-66.04327 18.402165,-66.043217 18.3985,-66.041135 18.398418,-66.040277 18.398744,-66.035138 18.398266,-66.03178 18.397879,-66.031222 18.402531,-66.031351 18.407631,-66.030803 18.408914,-66.030374 18.409708,-66.028529 18.412844,-66.027917 18.414635,-66.026394 18.419928,-66.0253 18.423817,-66.022274 18.434077,-66.02118 18.435176,-66.022617 18.437395,-66.024291 18.437782,-66.02369 18.438983,-66.022059 18.438698,-66.016126 18.440988,-66.015032 18.441161,-66.014592 18.441558,-66.015759 18.441855,-66.015665 18.442372,-66.013605 18.442189,-66.013154 18.441548,-66.014742 18.440754,-66.015225 18.440764,-66.016019 18.440601,-66.02178 18.438026,-66.0206 18.436316,-66.01957 18.436866,-66.015933 18.436408,-66.014603 18.436682,-66.005322 18.439013,-66.004464 18.437945,-66.004582 18.436367,-66.019871 18.435196,-66.02074 18.43482,-66.022017 18.433303,-66.023164 18.429293,-66.027199 18.414788,-66.028078 18.41262,-66.029902 18.409169,-66.030782 18.40757,-66.030642 18.402603,-66.031072 18.394662,-66.037316 18.394356,-66.040127 18.39456,-66.043581 18.394947,-66.043678 18.401737,-66.050341 18.400831,-66.0518 18.401116,-66.052368 18.401554,-66.052068 18.405931,-66.05283 18.407906,-66.056724 18.407937,-66.056864 18.410614))
3								ROUTE								POLYGON((-66.044676 18.399655,-66.043227 18.399671,-66.043238 18.400617,-66.043238 18.402165,-66.044225 18.402068,-66.048645 18.401467,-66.050561 18.401269,-66.051558 18.401391,-66.051918 18.40161,-66.051998 18.401875,-66.051859 18.403605,-66.051719 18.405224,-66.0518 18.405916,-66.051843 18.406318,-66.052637 18.408431,-66.054182 18.412864,-66.054611 18.414309,-66.055104 18.416243,-66.055426 18.417099,-66.055598 18.417648,-66.055759 18.418147,-66.055898 18.418758,-66.056327 18.420386,-66.05666 18.42174,-66.057057 18.42346,-66.057486 18.425629,-66.057808 18.42687,-66.058151 18.428784,-66.058527 18.429955,-66.059868 18.429812,-66.05902 18.426361,-66.063644 18.425211,-66.064095 18.426952,-66.064589 18.428815,-66.068923 18.427654,-66.07168 18.42687,-66.07359 18.426127,-66.074738 18.425547,-66.075468 18.425588,-66.077914 18.424519,-66.077013 18.422717,-66.07565 18.420122,-66.07477 18.418493,-66.08006 18.415948,-66.08184 18.415185,-66.084383 18.41434,-66.087559 18.414075,-66.090703 18.413984,-66.09449 18.413882,-66.097902 18.412966,-66.101024 18.411866,-66.102987 18.411286,-66.104081 18.411805,-66.105219 18.413027,-66.105165 18.41433,-66.10553 18.415063,-66.108555 18.415429,-66.108952 18.415704,-66.109231 18.41603,-66.10951 18.417496,-66.109853 18.419083,-66.109896 18.420559,-66.109982 18.421873,-66.110551 18.423114,-66.111066 18.424539,-66.111849 18.426199,-66.112557 18.427715,-66.112981 18.428794,-66.113389 18.429797,-66.113952 18.431181,-66.115003 18.433634,-66.115604 18.435207,-66.11613 18.43657,-66.116736 18.437945,-66.117074 18.438906,-66.117648 18.440341,-66.118104 18.441217,-66.118533 18.442107,-66.120137 18.441654,-66.121205 18.441563,-66.122159 18.441334,-66.122336 18.441268,-66.123592 18.441313,-66.123345 18.439955,-66.12577 18.439115,-66.125324 18.438357,-66.124134 18.438718,-66.124289 18.439242,-66.122809 18.439853,-66.121307 18.440347,-66.119837 18.440881,-66.118474 18.44139,-66.117981 18.440235,-66.117498 18.439034,-66.117128 18.43797,-66.116505 18.436459,-66.115888 18.435013,-66.115036 18.432871,-66.114317 18.431105,-66.113592 18.429288,-66.113249 18.428575,-66.113678 18.428382,-66.114381 18.427685,-66.113871 18.427222,-66.112911 18.426494,-66.111956 18.424906,-66.111141 18.423053,-66.110476 18.421659,-66.110401 18.420575,-66.110374 18.419124,-66.110057 18.41748,-66.109773 18.415882,-66.109451 18.415444,-66.108727 18.415037,-66.106334 18.414676,-66.10576 18.414238,-66.105873 18.413103,-66.105594 18.412309,-66.105524 18.411973,-66.105718 18.411698,-66.10598 18.41122,-66.106023 18.410808,-66.105852 18.41039,-66.105492 18.410217,-66.104119 18.410467,-66.102268 18.410884,-66.098138 18.412335,-66.09508 18.413302,-66.087811 18.413561,-66.085199 18.413658,-66.083825 18.413907,-66.081207 18.414752,-66.078262 18.416065,-66.073842 18.418172,-66.075081 18.420285,-66.076476 18.423094,-66.077141 18.424316,-66.07572 18.424977,-66.074706 18.425084,-66.073134 18.425786,-66.071412 18.426361,-66.069148 18.427023,-66.067121 18.427629,-66.06498 18.428209,-66.064701 18.426652,-66.064068 18.42457,-66.060683 18.425512,-66.058908 18.425807,-66.058323 18.423114,-66.057711 18.420967,-66.057293 18.418325,-66.056987 18.416503,-66.057094 18.415775,-66.05703 18.413867,-66.056982 18.412528,-66.056993 18.410472,-66.056891 18.409225,-66.056885 18.407642,-66.05313 18.407886,-66.052379 18.406502,-66.052197 18.405972,-66.052401 18.402989,-66.052336 18.40134,-66.051789 18.401025,-66.050577 18.400984,-66.048581 18.401096,-66.046253 18.40132,-66.046264 18.39962,-66.044676 18.399655))
21								ROUTE								POLYGON((-66.110358 18.464772,-66.1101 18.465454,-66.108899 18.465637,-66.104425 18.465779,-66.104425 18.466166,-66.103695 18.466197,-66.102601 18.46579,-66.102397 18.465718,-66.101474 18.465515,-66.100026 18.465362,-66.098052 18.465138,-66.095777 18.464741,-66.093792 18.464411,-66.091475 18.463413,-66.088981 18.462518,-66.088133 18.462055,-66.087806 18.461775,-66.087478 18.461007,-66.087484 18.460289,-66.087511 18.459958,-66.087183 18.458534,-66.087318 18.457684,-66.088063 18.457241,-66.08868 18.456554,-66.08978 18.457272,-66.093551 18.45689,-66.094125 18.456554,-66.093605 18.455531,-66.093487 18.455236,-66.092457 18.454392,-66.091507 18.453567,-66.090847 18.453048,-66.090247 18.452575,-66.089844 18.452621,-66.088895 18.452982,-66.088444 18.45318,-66.088755 18.45371,-66.088857 18.454208,-66.088798 18.454809,-66.088637 18.455531,-66.088219 18.456305,-66.087666 18.457007,-66.086899 18.457338,-66.086438 18.457628,-66.08625 18.457989,-66.086132 18.458315,-66.0861 18.458768,-66.086196 18.459765,-66.082447 18.460498,-66.079663 18.460187,-66.076884 18.458645,-66.075961 18.458015,-66.074936 18.457007,-66.074207 18.455989,-66.072244 18.454987,-66.070672 18.454224,-66.06917 18.454025,-66.068789 18.454051,-66.065715 18.454631,-66.063542 18.45432,-66.063805 18.453002,-66.064025 18.452234,-66.064782 18.451318,-66.065318 18.450774,-66.065951 18.45026,-66.066466 18.449659,-66.066648 18.449145,-66.067292 18.448041,-66.067834 18.44714,-66.068419 18.446351,-66.068993 18.446804,-66.069712 18.447395,-66.070854 18.448219,-66.071895 18.449043,-66.073274 18.450153,-66.074545 18.451008,-66.0747 18.450789,-66.075902 18.448758,-66.075409 18.448407,-66.072582 18.446397,-66.070484 18.444754,-66.069518 18.444092,-66.067904 18.443329,-66.06623 18.442596,-66.064894 18.441975,-66.063854 18.441283,-66.063027 18.44053,-66.062405 18.439761,-66.061719 18.438998,-66.060517 18.437522,-66.060377 18.436901,-66.060485 18.436474,-66.060791 18.435283,-66.060823 18.434998,-66.059154 18.43484,-66.059267 18.435537,-66.060313 18.435726,-66.060136 18.436545,-66.060109 18.437196,-66.060233 18.43767,-66.060699 18.43826,-66.061284 18.438962,-66.061901 18.439721,-66.062582 18.440535,-66.06343 18.441344,-66.064685 18.442224,-66.066064 18.442825,-66.067716 18.443573,-66.069331 18.444351,-66.070704 18.445318,-66.071594 18.446072,-66.072501 18.446814,-66.073901 18.447771,-66.075038 18.448524,-66.075425 18.448819,-66.074427 18.450519,-66.072072 18.448692,-66.071026 18.447949,-66.069931 18.447135,-66.068317 18.445954,-66.067319 18.447155,-66.066021 18.44914,-66.065377 18.450173,-66.064063 18.451542,-66.063634 18.452244,-66.063231 18.453913,-66.063156 18.454626,-66.066069 18.455022,-66.06902 18.455343,-66.072206 18.456396,-66.074566 18.457185,-66.075457 18.458203,-66.078429 18.459902,-66.079443 18.460503,-66.082125 18.460956,-66.082838 18.460849,-66.083477 18.460879,-66.086373 18.460314,-66.086829 18.461434,-66.087478 18.462111,-66.087774 18.462411,-66.087328 18.463831,-66.08787 18.464177,-66.0889 18.464624,-66.090563 18.465337,-66.092757 18.466024,-66.093868 18.466115,-66.094742 18.466115,-66.095278 18.465861,-66.097022 18.465744,-66.097703 18.465769,-66.099951 18.466263,-66.10149 18.466955,-66.102842 18.467642,-66.103105 18.467692,-66.104832 18.467591,-66.104698 18.466013,-66.106705 18.465957,-66.109301 18.46582,-66.110342 18.465611,-66.111382 18.465306,-66.11127 18.46465,-66.110358 18.464772))
52								ROUTE								POLYGON((-66.155258 18.400378,-66.154475 18.400551,-66.154802 18.401722,-66.156213 18.401839,-66.158375 18.40217,-66.158723 18.402211,-66.159635 18.401961,-66.159415 18.40134,-66.158997 18.400353,-66.158664 18.399386,-66.158418 18.398795,-66.158353 18.396041,-66.155601 18.395878,-66.153509 18.395675,-66.150376 18.395537,-66.148483 18.395385,-66.146197 18.39514,-66.144593 18.395003,-66.144159 18.395008,-66.143891 18.39483,-66.14381 18.3943,-66.142909 18.393272,-66.142163 18.39202,-66.141536 18.390813,-66.141445 18.390605,-66.141396 18.389953,-66.141552 18.38892,-66.142067 18.386481,-66.144374 18.386263,-66.145355 18.385759,-66.14344 18.383437,-66.143209 18.383137,-66.1427 18.383152,-66.140677 18.382806,-66.139047 18.38272,-66.137968 18.382867,-66.136563 18.383493,-66.13438 18.384094,-66.133205 18.384186,-66.126349 18.384318,-66.125206 18.384074,-66.124944 18.383992,-66.124488 18.384079,-66.122224 18.384435,-66.117455 18.384471,-66.116623 18.38445,-66.11252 18.383422,-66.110556 18.382857,-66.107976 18.382261,-66.107879 18.382007,-66.107783 18.381538,-66.107649 18.38134,-66.107423 18.381192,-66.107075 18.381228,-66.106796 18.381381,-66.106624 18.381661,-66.106624 18.381915,-66.106705 18.382195,-66.107209 18.382582,-66.106957 18.383402,-66.106356 18.384491,-66.105986 18.385234,-66.10553 18.386156,-66.104645 18.388024,-66.104178 18.388869,-66.103845 18.389251,-66.102032 18.389037,-66.099629 18.389067,-66.097515 18.389622,-66.09641 18.389953,-66.094903 18.390035,-66.095273 18.387372,-66.095852 18.387128,-66.097397 18.387006,-66.098663 18.386415,-66.099457 18.385825,-66.099747 18.385336,-66.100605 18.383503,-66.101206 18.382139,-66.101013 18.379278,-66.099092 18.379431,-66.097987 18.379054,-66.097204 18.378474,-66.096099 18.378158,-66.095327 18.377619,-66.094458 18.376702,-66.094082 18.378464,-66.093041 18.38104,-66.092569 18.382536,-66.092387 18.385804,-66.092537 18.387556,-66.092129 18.388645,-66.090724 18.388299,-66.089522 18.388268,-66.087924 18.388421,-66.087366 18.388625,-66.086862 18.388991,-66.085628 18.389836,-66.085274 18.389918,-66.084963 18.389816,-66.084501 18.389551,-66.084029 18.389317,-66.083418 18.389307,-66.082956 18.389368,-66.083439 18.391231,-66.083697 18.393074,-66.080349 18.393684,-66.079877 18.393837,-66.07948 18.394143,-66.078075 18.39341,-66.075789 18.391811,-66.075435 18.390813,-66.074384 18.39116,-66.074202 18.391689,-66.07535 18.392056,-66.076616 18.39289,-66.077871 18.393746,-66.079598 18.394713,-66.079866 18.394397,-66.080178 18.394102,-66.080939 18.393929,-66.084212 18.393308,-66.083621 18.389856,-66.083825 18.389806,-66.085113 18.390406,-66.08552 18.390396,-66.087806 18.388889,-66.089715 18.388604,-66.092065 18.389083,-66.092612 18.389062,-66.092913 18.388014,-66.092891 18.385754,-66.092998 18.382943,-66.093782 18.3805,-66.094608 18.378586,-66.094715 18.377639,-66.095327 18.378179,-66.096646 18.378728,-66.097816 18.379482,-66.099414 18.379909,-66.100605 18.379828,-66.100713 18.382058,-66.09935 18.385041,-66.098159 18.386293,-66.097151 18.386604,-66.095069 18.386599,-66.094678 18.387713,-66.094543 18.390381,-66.096131 18.390259,-66.097864 18.389821,-66.098996 18.389449,-66.09972 18.389337,-66.101694 18.389317,-66.103502 18.389449,-66.103116 18.390284,-66.102499 18.390813,-66.100777 18.390752,-66.100825 18.391516,-66.102751 18.391526,-66.102885 18.390956,-66.1034 18.390432,-66.103958 18.389607,-66.10473 18.389938,-66.105186 18.389877,-66.105498 18.389241,-66.105852 18.388553,-66.105836 18.388329,-66.10554 18.388156,-66.105964 18.387123,-66.10678 18.38556,-66.107423 18.38415,-66.107965 18.383335,-66.108394 18.383167,-66.109628 18.383198,-66.111162 18.383544,-66.115154 18.384613,-66.116859 18.384858,-66.121843 18.385076,-66.124509 18.385321,-66.125695 18.385046,-66.129766 18.384868,-66.132894 18.38472,-66.135571 18.384349,-66.137598 18.383539,-66.138896 18.383279,-66.142137 18.383646,-66.14145 18.386782,-66.140935 18.39059,-66.141858 18.392666,-66.143124 18.394377,-66.143488 18.395537,-66.144797 18.395517,-66.153123 18.396291,-66.157693 18.396596,-66.157929 18.399141,-66.158831 18.401707,-66.1572 18.401646,-66.156105 18.401483,-66.155875 18.400307,-66.155258 18.400378))
Garage							GARAGE								POLYGON((-66.083074 18.389347,-66.081454 18.389704,-66.080853 18.389388,-66.080746 18.389123,-66.080328 18.388961,-66.079523 18.388533,-66.07918 18.388268,-66.079351 18.387922,-66.080725 18.387494,-66.081068 18.387311,-66.081111 18.386833,-66.081883 18.387118,-66.082795 18.387556,-66.083074 18.389347))
Parada 18						TERMINAL							POLYGON((-66.0751085304615 18.4485212555479,-66.0755125399751 18.4487728086412,-66.0750742277669 18.4494588625322,-66.0746816524849 18.4491882523863,-66.0751085304615 18.4485212555479))
San Juan-Covadonga				TERMINAL							POLYGON((-66.1101963755747 18.4641442272097,-66.1108214468976 18.4641442272097,-66.1110158288334 18.4650894570151,-66.1102573581428 18.4651847422777,-66.1101963755747 18.4641442272097))
San Patricio					TERMINAL							POLYGON((-66.1047270014994 18.4125072376815,-66.1048870807407 18.4122976101037,-66.1053368271803 18.4127549793644,-66.105138633834 18.4128616988585,-66.1047270014994 18.4125072376815))
Bayamon							TERMINAL							POLYGON((-66.1560438325452 18.4014617700367,-66.1552586819811 18.4014998841417,-66.1545726280901 18.4013321820795,-66.154511645522 18.4006461281885,-66.1558075250939 18.4003412153481,-66.15592949023 18.4006613738305,-66.1560438325452 18.4014617700367))
Capetillo						TERMINAL							POLYGON((-66.0458616719476 18.4003450267585,-66.0436967907804 18.4003678952216,-66.0436967907804 18.4003678952216,-66.0437044136015 18.3997428238987,-66.0458845404106 18.3997428238987,-66.0458616719476 18.4003450267585))
Iturregui						TERMINAL							POLYGON((-65.9927915920693 18.4218718732935,-65.9914652212134 18.4221996545969,-65.9912822735091 18.4216279430211,-65.9926620041121 18.4213077845387,-65.9927915920693 18.4218718732935))
Sagrado Corazon					TERMINAL							POLYGON((-66.0604680360733 18.4351395849065,-66.0605132699162 18.4352415021673,-66.0605132699162 18.4352415021673,-66.0604567276126 18.4354989770833,-66.0603323345448 18.4356813549155,-66.0593880780753 18.4355848019696,-66.0593315357718 18.4351503130421,-66.0593541526932 18.4349840268656,-66.0604680360733 18.4351395849065))
Estacion Pinero					TERMINAL							POLYGON((-66.0554093817127 18.4083737200885,-66.0556368417914 18.4107246104515,-66.0556449653656 18.4107091948815,-66.0551737980598 18.4107939804991,-66.054808237219 18.4084199674216,-66.0554093817127 18.4083737200885))
Estacion Centro Medico			TERMINAL							POLYGON((-66.0751171728159 18.3910069685243,-66.0751984085583 18.3913538581946,-66.0746297583616 18.3914309446932,-66.0743210625405 18.3912536456949,-66.0744510397283 18.3911457244762,-66.0751171728159 18.3910069685243))
Estacion Martinez Nadal			TERMINAL							POLYGON((-66.102393243591 18.3911137011213,-66.102393243591 18.3915412969379,-66.1009555788357 18.3914598501975,-66.1008053750552 18.3908082748884,-66.1025541762129 18.3907471895769,-66.102393243591 18.3911137011213))
Hato Rey						TERMINAL							POLYGON((-66.0579972976386 18.4238700653922,-66.057463537776 18.4240278387121,-66.057463537776 18.4240278387121,-66.0574179401998 18.4238471628015,-66.0579677933246 18.4236537630248,-66.0579972976386 18.4238700653922))
Loiza							TERMINAL							POLYGON((-65.8800341217076 18.4274473488246,-65.8798781878194 18.4275558245729,-65.8794510645605 18.4271354810483,-65.8796205579172 18.4270202255657,-65.8800341217076 18.4274473488246))
Isla Verde						TERMINAL							POLYGON((-66.0156355867929 18.4421220836467,-66.0155915185201 18.4423085263391,-66.0151304965899 18.4422712378006,-66.0151542256599 18.4420441167026,-66.0156355867929 18.4421220836467))
Carolina						TERMINAL							POLYGON((-65.9539883105647 18.3862409714132,-65.9535298310349 18.3863180908905,-65.953533220902 18.3860469015198,-65.9539628865612 18.3860011383135,-65.9539883105647 18.3862409714132))
